Protein ID	Source	Chrom	Start	Novelty	Support	Category	Gene family	Length (aa)	Similarity to selected	Ingroup	Outgroup	TBLASTN	Gene	Product	Source of annotation	Pfam domains	C286 (in)	C287 (in)	C288 (in)	C289 (in)	C294 (in)	C298 (in)	clade01 (out)	clade02 (out)	clade03 (out)	clade04 (out)	clade05 (out)	clade06 (out)	clade07 (out)	clade08 (out)	clade01 (tblastn)	clade02 (tblastn)	clade03 (tblastn)	clade04 (tblastn)	clade05 (tblastn)	clade06 (tblastn)	clade07 (tblastn)	clade08 (tblastn)
C289:EHM034674|EHA02355_bin.24_gene_116_2	C289			yes	pairwise		EHM034674|EHA02355_bin.24_gene_116_2 (2)	1015		6/6	0/8	8/8		Non-specific serine/threonine protein kinase	ModelOrg_C289	Helicase_C,SNF2-rel_dom,SNF2_assoc	1	1	1	1	1	1	0	0	0	0	0	0	0	0	1	1	1	1	1	1	1	1
C289:EHM034674|EHA02355_bin.24_gene_123_8	C289			yes	pairwise		EHM034720|EHA02359_bin.2_gene_81_4 (4)	204		6/6	0/8	0/8		ADK_lid,Phage_holin_3_6,YmiA-like,Zn_ribbon_4	Pfam	ADK_lid,Phage_holin_3_6,YmiA-like,Zn_ribbon_4	1	1	1	1	1	1	0	0	0	0	0	0	0	0	0	0	0	0	0	0	0	0
C289:EHM034674|EHA02355_bin.24_gene_128_12	C289			yes	pairwise		STP248.12601_R.bin.118|k141_771786_39 (6)	273		6/6	0/8	0/8		DUF432	Pfam	DUF432	1	1	1	1	1	1	0	0	0	0	0	0	0	0	0	0	0	0	0	0	0	0
C289:EHM034674|EHA02355_bin.24_gene_12_2	C289			yes	pairwise			247		6/6	0/8	4/8		A1_Propeptide,Allatotropin-like_C,Arc_PepC_II,Arg_decarbox_C,DUF4880,DUF7151,DUF8110,EF-hand_1,EF-hand_5,EF-hand_6,EF-hand_7,EF-hand_8,FCaBP_EF-hand,HBS1_N,SPARC_Ca_bdg	Pfam	A1_Propeptide,Allatotropin-like_C,Arc_PepC_II,Arg_decarbox_C,DUF4880,DUF7151,DUF8110,EF-hand_1,EF-hand_5,EF-hand_6,EF-hand_7,EF-hand_8,FCaBP_EF-hand,HBS1_N,SPARC_Ca_bdg	1	1	1	1	1	1	0	0	0	0	0	0	0	0	1	1	0	0	1	1	0	0
C289:EHM034674|EHA02355_bin.24_gene_131_15	C289			yes	pairwise		EHM034692|EHA02331_bin.15_gene_166_5 (6)	263		6/6	0/8	8/8		CLE_peptide,Raptor_N,Sel1,TPR_2	Pfam	CLE_peptide,Raptor_N,Sel1,TPR_2	1	1	1	1	1	1	0	0	0	0	0	0	0	0	1	1	1	1	1	1	1	1
C289:EHM034674|EHA02355_bin.24_gene_139_12	C289			yes	pairwise		UHM1210.23070_R.bin.101|k141_1343831_35 (4)	216		6/6	0/8	6/8		DUF6893,LysE	Pfam	DUF6893,LysE	1	1	1	1	1	1	0	0	0	0	0	0	0	0	1	0	1	1	1	1	1	0
C289:EHM034674|EHA02355_bin.24_gene_139_6	C289			yes	pairwise		EHM034720|EHA02359_bin.2_gene_57_3 (6)	151		6/6	0/8	0/8		GAF,GAF_2,GAF_3,GAF_EFCB5_2nd	Pfam	GAF,GAF_2,GAF_3,GAF_EFCB5_2nd	1	1	1	1	1	1	0	0	0	0	0	0	0	0	0	0	0	0	0	0	0	0
C289:EHM034674|EHA02355_bin.24_gene_13_1	C289			yes	pairwise			1232		6/6	0/8	1/8					1	1	1	1	1	1	0	0	0	0	0	0	0	0	0	0	0	0	0	0	1	0
C289:EHM034674|EHA02355_bin.24_gene_140_2	C289			yes	pairwise		STP248.12601_R.bin.118|k141_962093_34 (6)	413		6/6	0/8	0/8					1	1	1	1	1	1	0	0	0	0	0	0	0	0	0	0	0	0	0	0	0	0
C289:EHM034674|EHA02355_bin.24_gene_140_3	C289			yes	pairwise		UHM1210.23070_R.bin.101|k141_1135903_47 (5)	235		6/6	0/8	0/8		TP_methylase	Pfam	TP_methylase	1	1	1	1	1	1	0	0	0	0	0	0	0	0	0	0	0	0	0	0	0	0
C289:EHM034674|EHA02355_bin.24_gene_140_7	C289			yes	pairwise		EHM034720|EHA02359_bin.2_gene_202_2 (5)	187		6/6	0/8	3/8		RNase_H_2,RNase_T,Rv2179c-like	Pfam	RNase_H_2,RNase_T,Rv2179c-like	1	1	1	1	1	1	0	0	0	0	0	0	0	0	0	1	0	1	0	0	0	1
C289:EHM034674|EHA02355_bin.24_gene_154_13	C289			yes	pairwise		EHM034720|EHA02359_bin.2_gene_55_23 (7)	1009		6/6	0/8	2/8		Formylglycine-generating enzyme family protein	ModelOrg_C289	CBM_35,Cytochrome_C7,Cytochrome_CBB3,Cytochrom_C,Cytochrom_CIII,HZS_alpha,Paired_CXXCH_1,PccH,PD40,Tricorn_N	1	1	1	1	1	1	0	0	0	0	0	0	0	0	0	0	0	0	1	1	0	0
C289:EHM034674|EHA02355_bin.24_gene_154_3	C289			yes	pairwise		EHM034692|EHA02331_bin.15_gene_206_18 (3)	435		6/6	0/8	4/8		Squalene cyclase C-terminal domain-containing protein	ModelOrg_C289	DUF829,SQHop_cyclase_C,SQHop_cyclase_N,TED_complement	1	1	1	1	1	1	0	0	0	0	0	0	0	0	1	1	0	0	1	1	0	0
C289:EHM034674|EHA02355_bin.24_gene_164_2	C289			yes	pairwise			152		6/6	0/8	1/8		DUF4131,DUF4149,Imm17,Prd_NiFe_hyd_3_EhaI	Pfam	DUF4131,DUF4149,Imm17,Prd_NiFe_hyd_3_EhaI	1	1	1	1	1	1	0	0	0	0	0	0	0	0	1	0	0	0	0	0	0	0
C289:EHM034674|EHA02355_bin.24_gene_175_3	C289			yes	pairwise		STP248.12601_R.bin.118|k141_588353_61 (5)	298		6/6	0/8	8/8					1	1	1	1	1	1	0	0	0	0	0	0	0	0	1	1	1	1	1	1	1	1
C289:EHM034674|EHA02355_bin.24_gene_183_8	C289			yes	pairwise		EHM034674|EHA02355_bin.24_gene_183_8 (2)	529		6/6	0/8	8/8		CG7065_mid_helical,Rotamase_2,SurA_N_2,SurA_N_3	Pfam	CG7065_mid_helical,Rotamase_2,SurA_N_2,SurA_N_3	1	1	1	1	1	1	0	0	0	0	0	0	0	0	1	1	1	1	1	1	1	1
C289:EHM034674|EHA02355_bin.24_gene_194_6	C289			yes	pairwise		EHM034674|EHA02355_bin.24_gene_194_6 (5)	785		6/6	0/8	0/8		CARDB,Cep192_D5,DNA_pol_phi,EcoEI_R_C,Fn3-like,Glyco_hydro_3,Glyco_hydro_3_C	Pfam	CARDB,Cep192_D5,DNA_pol_phi,EcoEI_R_C,Fn3-like,Glyco_hydro_3,Glyco_hydro_3_C	1	1	1	1	1	1	0	0	0	0	0	0	0	0	0	0	0	0	0	0	0	0
C289:EHM034674|EHA02355_bin.24_gene_1_4	C289			yes	pairwise		UHM1210.23070_R.bin.101|k141_35550_25 (6)	150		6/6	0/8	0/8					1	1	1	1	1	1	0	0	0	0	0	0	0	0	0	0	0	0	0	0	0	0
C289:EHM034674|EHA02355_bin.24_gene_215_3	C289			yes	pairwise		UHM1073.23039_R.bin.125|k141_197029_78 (6)	233		6/6	0/8	0/8					1	1	1	1	1	1	0	0	0	0	0	0	0	0	0	0	0	0	0	0	0	0
C289:EHM034674|EHA02355_bin.24_gene_217_2	C289			yes	pairwise		EHM034692|EHA02331_bin.15_gene_286_3 (6)	249		6/6	0/8	1/8		Atrophin-1,CCDC47,DUF3244,DUF4381,DUF4887,DUF5683,DUF6080,DUF7096,EMC3_TMCO1,F5_F8_type_C,F5_F8_type_C_2,GvpK,HpsJ,Phage_Y01A,Spore_III_AF	Pfam	Atrophin-1,CCDC47,DUF3244,DUF4381,DUF4887,DUF5683,DUF6080,DUF7096,EMC3_TMCO1,F5_F8_type_C,F5_F8_type_C_2,GvpK,HpsJ,Phage_Y01A,Spore_III_AF	1	1	1	1	1	1	0	0	0	0	0	0	0	0	0	0	0	0	0	1	0	0
C289:EHM034674|EHA02355_bin.24_gene_222_11	C289			yes	pairwise		EHM034720|EHA02359_bin.2_gene_184_8 (6)	559		6/6	0/8	1/8		UBA_9	Pfam	UBA_9	1	1	1	1	1	1	0	0	0	0	0	0	0	0	0	0	1	0	0	0	0	0
C289:EHM034674|EHA02355_bin.24_gene_222_7	C289			yes	pairwise		EHM034692|EHA02331_bin.15_gene_71_3 (4)	215		6/6	0/8	8/8		Superoxide dismutase	ModelOrg_C289	DUF6915,Ogg-HhH,Sod_Fe_C,Sod_Fe_N	1	1	1	1	1	1	0	0	0	0	0	0	0	0	1	1	1	1	1	1	1	1
C289:EHM034674|EHA02355_bin.24_gene_223_9	C289			yes	pairwise			501		6/6	0/8	3/8		Alpha-galactosidase	ModelOrg_C289	DUF4838,Glyco_hydro_36N,Melibiase,Tn7_TnsC_Int	1	1	1	1	1	1	0	0	0	0	0	0	0	0	0	1	1	0	0	0	0	1
C289:EHM034674|EHA02355_bin.24_gene_233_4	C289			yes	pairwise		EHM034674|EHA02355_bin.24_gene_233_4 (3)	213		6/6	0/8	7/8		DZR,DZR_2,TPM_phosphatase,UPF0547,zf-Mss51,Zn_ribbon_15,Zn_ribbon_3	Pfam	DZR,DZR_2,TPM_phosphatase,UPF0547,zf-Mss51,Zn_ribbon_15,Zn_ribbon_3	1	1	1	1	1	1	0	0	0	0	0	0	0	0	0	1	1	1	1	1	1	1
C289:EHM034674|EHA02355_bin.24_gene_23_3	C289			yes	pairwise		EHM034674|EHA02355_bin.24_gene_23_3 (5)	396		6/6	0/8	4/8		CD1107-like,DUF3149,DUF8063,DUF8429,GAPT,NOA36,PBP1_TM,PGA28-like_dom,POP1_C,Zip	Pfam	CD1107-like,DUF3149,DUF8063,DUF8429,GAPT,NOA36,PBP1_TM,PGA28-like_dom,POP1_C,Zip	1	1	1	1	1	1	0	0	0	0	0	0	0	0	1	1	0	0	1	1	0	0
C289:EHM034674|EHA02355_bin.24_gene_247_7	C289			yes	pairwise			57		6/6	0/8	5/8					1	1	1	1	1	1	0	0	0	0	0	0	0	0	1	0	1	1	1	0	0	1
C289:EHM034674|EHA02355_bin.24_gene_251_3	C289			yes	pairwise		EHM034692|EHA02331_bin.15_gene_284_13 (5)	124		6/6	0/8	7/8		Apolipoprotein,ArfB,DUF883_C,LEA_4,YtxH	Pfam	Apolipoprotein,ArfB,DUF883_C,LEA_4,YtxH	1	1	1	1	1	1	0	0	0	0	0	0	0	0	1	1	1	1	1	1	1	0
C289:EHM034674|EHA02355_bin.24_gene_262_6	C289			yes	pairwise		UHM1210.23070_R.bin.101|k141_1142038_15 (6)	137		6/6	0/8	1/8		ExbD	Pfam	ExbD	1	1	1	1	1	1	0	0	0	0	0	0	0	0	0	0	0	0	0	1	0	0
C289:EHM034674|EHA02355_bin.24_gene_267_1	C289			yes	pairwise			143		6/6	0/8	1/8		FliT	Pfam	FliT	1	1	1	1	1	1	0	0	0	0	0	0	0	0	0	0	0	0	1	0	0	0
C289:EHM034674|EHA02355_bin.24_gene_271_10	C289			yes	pairwise		EHM034674|EHA02355_bin.24_gene_271_10 (2)	236		6/6	0/8	8/8		TrkA-N domain protein	ModelOrg_C289	3HCDH_N,ApbA,Epimerase,F420_oxidored,NAD_binding_2,NAD_Gly3P_dh_N,TrkA_C,TrkA_N,Tudor_RapA,UDPG_MGDP_dh_N	1	1	1	1	1	1	0	0	0	0	0	0	0	0	1	1	1	1	1	1	1	1
C289:EHM034674|EHA02355_bin.24_gene_284_3	C289			yes	pairwise		EHM034692|EHA02331_bin.15_gene_113_5 (6)	379		6/6	0/8	1/8		LDcluster4	Pfam	LDcluster4	1	1	1	1	1	1	0	0	0	0	0	0	0	0	0	1	0	0	0	0	0	0
C289:EHM034674|EHA02355_bin.24_gene_289_7	C289			yes	pairwise		UHM1210.23070_R.bin.101|k141_692359_55 (6)	313		6/6	0/8	8/8		Methyltransf_28,Sulfatase	Pfam	Methyltransf_28,Sulfatase	1	1	1	1	1	1	0	0	0	0	0	0	0	0	1	1	1	1	1	1	1	1
C289:EHM034674|EHA02355_bin.24_gene_303_4	C289			yes	pairwise		EHM034674|EHA02355_bin.24_gene_303_4 (3)	512		6/6	0/8	1/8		DUF8389,Hfq_1	Pfam	DUF8389,Hfq_1	1	1	1	1	1	1	0	0	0	0	0	0	0	0	0	1	0	0	0	0	0	0
C289:EHM034674|EHA02355_bin.24_gene_309_3	C289			yes	pairwise		STP248.12601_R.bin.118|k141_588353_82 (6)	889		6/6	0/8	2/8		Cytochrome_C7,Cytochrome_CBB3,Cytochrom_CIII,HZS_alpha,Mtrc-MtrF_II-IV_dom,Paired_CXXCH_1,PD40	Pfam	Cytochrome_C7,Cytochrome_CBB3,Cytochrom_CIII,HZS_alpha,Mtrc-MtrF_II-IV_dom,Paired_CXXCH_1,PD40	1	1	1	1	1	1	0	0	0	0	0	0	0	0	0	0	0	0	1	1	0	0
C289:EHM034674|EHA02355_bin.24_gene_326_2	C289			yes	pairwise		STP248.12601_R.bin.118|k141_465240_36 (6)	309		6/6	0/8	0/8		CSD,KOW4_SPT5,NYN,USA1_M	Pfam	CSD,KOW4_SPT5,NYN,USA1_M	1	1	1	1	1	1	0	0	0	0	0	0	0	0	0	0	0	0	0	0	0	0
C289:EHM034674|EHA02355_bin.24_gene_342_3	C289			yes	pairwise		STP248.12601_R.bin.118|k141_483842_37 (12)	491		6/6	0/8	0/8		DUF4350,IFT52_GIFT,TCAF_N	Pfam	DUF4350,IFT52_GIFT,TCAF_N	1	1	1	1	1	1	0	0	0	0	0	0	0	0	0	0	0	0	0	0	0	0
C289:EHM034674|EHA02355_bin.24_gene_35_1	C289			yes	pairwise		EHM034692|EHA02331_bin.15_gene_288_5 (4)	305		6/6	0/8	7/8		KH_PARP10,Lactamase_B,Lactamase_B_2,Lactamase_B_3	Pfam	KH_PARP10,Lactamase_B,Lactamase_B_2,Lactamase_B_3	1	1	1	1	1	1	0	0	0	0	0	0	0	0	1	0	1	1	1	1	1	1
C289:EHM034674|EHA02355_bin.24_gene_370_8	C289			yes	pairwise		STP248.12601_R.bin.118|k141_923502_55 (6)	241		6/6	0/8	0/8		Cytidylate_kin2	Pfam	Cytidylate_kin2	1	1	1	1	1	1	0	0	0	0	0	0	0	0	0	0	0	0	0	0	0	0
C289:EHM034674|EHA02355_bin.24_gene_382_2	C289			yes	pairwise		EHM034720|EHA02359_bin.2_gene_4_8 (3)	293		6/6	0/8	5/8		Uncharacterized protein	ModelOrg_C289	3keto-disac_hyd	1	1	1	1	1	1	0	0	0	0	0	0	0	0	1	1	0	0	1	1	1	0
C289:EHM034674|EHA02355_bin.24_gene_43_5	C289			yes	pairwise		EHM034720|EHA02359_bin.2_gene_94_29 (6)	159		6/6	0/8	1/8					1	1	1	1	1	1	0	0	0	0	0	0	0	0	0	0	0	0	0	1	0	0
C289:EHM034674|EHA02355_bin.24_gene_58_10	C289			yes	pairwise		EHM034692|EHA02331_bin.15_gene_55_3 (5)	100		6/6	0/8	0/8		ClpS,DUF7563	Pfam	ClpS,DUF7563	1	1	1	1	1	1	0	0	0	0	0	0	0	0	0	0	0	0	0	0	0	0
C289:EHM034674|EHA02355_bin.24_gene_68_15	C289			yes	pairwise		EHM034674|EHA02355_bin.24_gene_68_15 (3)	259		6/6	0/8	6/8		DeoRC,DIP2311-like_C,DUF1670,FaeA,FilR1_N,GntR,HTH_11,HTH_24,HTH_AsnC-type,HTH_Crp_2,HTH_DeoR,HTH_Mga,HVO_A0261_N,MarR,PF0610-like_N,PheRS_DBD1	Pfam	DeoRC,DIP2311-like_C,DUF1670,FaeA,FilR1_N,GntR,HTH_11,HTH_24,HTH_AsnC-type,HTH_Crp_2,HTH_DeoR,HTH_Mga,HVO_A0261_N,MarR,PF0610-like_N,PheRS_DBD1	1	1	1	1	1	1	0	0	0	0	0	0	0	0	0	1	1	1	0	1	1	1
C289:EHM034674|EHA02355_bin.24_gene_83_6	C289			yes	pairwise		EHM034674|EHA02355_bin.24_gene_83_6 (3)	230		6/6	0/8	8/8		Peptidyl-prolyl cis-trans isomerase	ModelOrg_C289	Pro_isomerase	1	1	1	1	1	1	0	0	0	0	0	0	0	0	1	1	1	1	1	1	1	1
C289:EHM034674|EHA02355_bin.24_gene_96_26	C289			yes	pairwise		UHM1073.23039_R.bin.125|k141_471956_3 (5)	217		6/6	0/8	8/8		DUF1573,DUF4493,HYDIN_VesB_CFA65-like_Ig	Pfam	DUF1573,DUF4493,HYDIN_VesB_CFA65-like_Ig	1	1	1	1	1	1	0	0	0	0	0	0	0	0	1	1	1	1	1	1	1	1
C287:EHM034692|EHA02331_bin.15_gene_0_6	C287			yes	pairwise		EHM034674|EHA02355_bin.24_gene_233_4 (3)	213		6/6	0/8	7/8		DZR,DZR_2,TPM_phosphatase,UPF0547,zf-Mss51,Zn_ribbon_15,Zn_ribbon_3	Pfam	DZR,DZR_2,TPM_phosphatase,UPF0547,zf-Mss51,Zn_ribbon_15,Zn_ribbon_3	1	1	1	1	1	1	0	0	0	0	0	0	0	0	0	1	1	1	1	1	1	1
C287:EHM034692|EHA02331_bin.15_gene_102_6	C287			yes	pairwise		UHM1073.23039_R.bin.125|k141_197029_78 (6)	233		6/6	0/8	0/8					1	1	1	1	1	1	0	0	0	0	0	0	0	0	0	0	0	0	0	0	0	0
C287:EHM034692|EHA02331_bin.15_gene_103_8	C287			yes	pairwise		UHM1073.23039_R.bin.125|k141_471956_3 (5)	226		6/6	0/8	8/8		Cupredoxin_1,DUF1573,DUF4493,HYDIN_VesB_CFA65-like_Ig	Pfam	Cupredoxin_1,DUF1573,DUF4493,HYDIN_VesB_CFA65-like_Ig	1	1	1	1	1	1	0	0	0	0	0	0	0	0	1	1	1	1	1	1	1	1
C287:EHM034692|EHA02331_bin.15_gene_107_7	C287			yes	pairwise		EHM034720|EHA02359_bin.2_gene_12_8 (5)	282		6/6	0/8	3/8		DUF1003,Fig1	Pfam	DUF1003,Fig1	1	1	1	1	1	1	0	0	0	0	0	0	0	0	1	0	0	1	0	1	0	0
C287:EHM034692|EHA02331_bin.15_gene_108_4	C287			yes	pairwise			162		6/6	0/8	6/8		SprT-like domain-containing protein	ModelOrg_C287	Astacin,Peptidase_M90,SprT-like,Zincin_1	1	1	1	1	1	1	0	0	0	0	0	0	0	0	1	0	1	1	0	1	1	1
C287:EHM034692|EHA02331_bin.15_gene_109_1	C287			yes	pairwise		UHM1210.23070_R.bin.101|k141_1343831_35 (4)	216		6/6	0/8	6/8		DUF6893,LysE	Pfam	DUF6893,LysE	1	1	1	1	1	1	0	0	0	0	0	0	0	0	1	0	1	1	1	1	1	0
C287:EHM034692|EHA02331_bin.15_gene_113_5	C287			yes	pairwise		EHM034692|EHA02331_bin.15_gene_113_5 (6)	338		6/6	0/8	1/8		LDcluster4	Pfam	LDcluster4	1	1	1	1	1	1	0	0	0	0	0	0	0	0	0	1	0	0	0	0	0	0
C287:EHM034692|EHA02331_bin.15_gene_113_6	C287			yes	pairwise			325		6/6	0/8	4/8		Tetratricopeptide TPR_2 repeat protein	ModelOrg_C287	DjlC_C	1	1	1	1	1	1	0	0	0	0	0	0	0	0	1	1	0	0	1	1	0	0
C287:EHM034692|EHA02331_bin.15_gene_136_14	C287			yes	pairwise		STP248.12601_R.bin.118|k141_483842_37 (12)	491		6/6	0/8	0/8		DUF4350,IFT52_GIFT,TCAF_N	Pfam	DUF4350,IFT52_GIFT,TCAF_N	1	1	1	1	1	1	0	0	0	0	0	0	0	0	0	0	0	0	0	0	0	0
C287:EHM034692|EHA02331_bin.15_gene_142_19	C287			yes	pairwise		STP248.12601_R.bin.118|k141_771786_39 (6)	273		6/6	0/8	0/8		DUF432	Pfam	DUF432	1	1	1	1	1	1	0	0	0	0	0	0	0	0	0	0	0	0	0	0	0	0
C287:EHM034692|EHA02331_bin.15_gene_142_3	C287			yes	pairwise		EHM034720|EHA02359_bin.2_gene_184_8 (6)	559		6/6	0/8	1/8		UBA_9	Pfam	UBA_9	1	1	1	1	1	1	0	0	0	0	0	0	0	0	0	0	1	0	0	0	0	0
C287:EHM034692|EHA02331_bin.15_gene_166_5	C287			yes	pairwise		EHM034692|EHA02331_bin.15_gene_166_5 (6)	263		6/6	0/8	8/8		Raptor_N,Sel1	Pfam	Raptor_N,Sel1	1	1	1	1	1	1	0	0	0	0	0	0	0	0	1	1	1	1	1	1	1	1
C287:EHM034692|EHA02331_bin.15_gene_167_9	C287			yes	pairwise		UHM1210.23070_R.bin.101|k141_35550_25 (6)	150		6/6	0/8	0/8		DUF3850	Pfam	DUF3850	1	1	1	1	1	1	0	0	0	0	0	0	0	0	0	0	0	0	0	0	0	0
C287:EHM034692|EHA02331_bin.15_gene_171_4	C287			yes	pairwise		EHM034674|EHA02355_bin.24_gene_83_6 (3)	230		6/6	0/8	8/8		Peptidyl-prolyl cis-trans isomerase	ModelOrg_C287	Pro_isomerase	1	1	1	1	1	1	0	0	0	0	0	0	0	0	1	1	1	1	1	1	1	1
C287:EHM034692|EHA02331_bin.15_gene_194_14	C287			yes	pairwise		EHM034674|EHA02355_bin.24_gene_23_3 (5)	397		6/6	0/8	4/8		CD1107-like,DUF3149,DUF4337,DUF8063,DUF8429,ETRAMP,NOA36,PBP1_TM,PFF1_TM,PGA28-like_dom	Pfam	CD1107-like,DUF3149,DUF4337,DUF8063,DUF8429,ETRAMP,NOA36,PBP1_TM,PFF1_TM,PGA28-like_dom	1	1	1	1	1	1	0	0	0	0	0	0	0	0	1	1	0	0	1	1	0	0
C287:EHM034692|EHA02331_bin.15_gene_206_18	C287			yes	pairwise		EHM034692|EHA02331_bin.15_gene_206_18 (3)	436		6/6	0/8	4/8		Squalene cyclase C-terminal domain-containing protein	ModelOrg_C287	DUF829,SQHop_cyclase_C,TED_complement	1	1	1	1	1	1	0	0	0	0	0	0	0	0	1	1	0	0	1	1	0	0
C287:EHM034692|EHA02331_bin.15_gene_211_7	C287			yes	pairwise		EHM034674|EHA02355_bin.24_gene_271_10 (2)	236		6/6	0/8	8/8		TrkA-N domain protein	ModelOrg_C287	3HCDH_N,ApbA,Epimerase,F420_oxidored,NAD_binding_2,NAD_Gly3P_dh_N,TrkA_C,TrkA_N,Tudor_RapA,UDPG_MGDP_dh_N	1	1	1	1	1	1	0	0	0	0	0	0	0	0	1	1	1	1	1	1	1	1
C287:EHM034692|EHA02331_bin.15_gene_214_2	C287			yes	pairwise		EHM034674|EHA02355_bin.24_gene_194_6 (5)	785		6/6	0/8	0/8		CARDB,Cep192_D5,DNA_pol_phi,EcoEI_R_C,Fn3-like,Glyco_hydro_3,Glyco_hydro_3_C	Pfam	CARDB,Cep192_D5,DNA_pol_phi,EcoEI_R_C,Fn3-like,Glyco_hydro_3,Glyco_hydro_3_C	1	1	1	1	1	1	0	0	0	0	0	0	0	0	0	0	0	0	0	0	0	0
C287:EHM034692|EHA02331_bin.15_gene_221_12	C287			yes	pairwise		EHM034720|EHA02359_bin.2_gene_57_3 (6)	151		6/6	0/8	0/8		GAF,GAF_2,GAF_3,GAF_EFCB5_2nd	Pfam	GAF,GAF_2,GAF_3,GAF_EFCB5_2nd	1	1	1	1	1	1	0	0	0	0	0	0	0	0	0	0	0	0	0	0	0	0
C287:EHM034692|EHA02331_bin.15_gene_236_2	C287			yes	pairwise		EHM034720|EHA02359_bin.2_gene_94_29 (6)	156		6/6	0/8	1/8					1	1	1	1	1	1	0	0	0	0	0	0	0	0	0	0	0	0	0	1	0	0
C287:EHM034692|EHA02331_bin.15_gene_241_18	C287			yes	pairwise		STP248.12601_R.bin.118|k141_588353_61 (5)	298		6/6	0/8	8/8					1	1	1	1	1	1	0	0	0	0	0	0	0	0	1	1	1	1	1	1	1	1
C287:EHM034692|EHA02331_bin.15_gene_248_4	C287			yes	pairwise		UHM1210.23070_R.bin.101|k141_692359_55 (6)	366		6/6	0/8	8/8		Methyltransf_28,SCO0607	Pfam	Methyltransf_28,SCO0607	1	1	1	1	1	1	0	0	0	0	0	0	0	0	1	1	1	1	1	1	1	1
C287:EHM034692|EHA02331_bin.15_gene_252_3	C287			yes	pairwise		EHM034692|EHA02331_bin.15_gene_252_3 (2)	336		6/6	0/8	4/8		A1_Propeptide,Allatotropin-like_C,Arc_PepC_II,Arg_decarbox_C,DUF3106,EF-hand_1,EF-hand_5,EF-hand_6,EF-hand_7,EF-hand_8,FCaBP_EF-hand,HBS1_N,SPARC_Ca_bdg	Pfam	A1_Propeptide,Allatotropin-like_C,Arc_PepC_II,Arg_decarbox_C,DUF3106,EF-hand_1,EF-hand_5,EF-hand_6,EF-hand_7,EF-hand_8,FCaBP_EF-hand,HBS1_N,SPARC_Ca_bdg	1	1	1	1	1	1	0	0	0	0	0	0	0	0	1	1	0	0	1	1	0	0
C287:EHM034692|EHA02331_bin.15_gene_255_7	C287			yes	pairwise		STP248.12601_R.bin.118|k141_465240_36 (6)	310		6/6	0/8	0/8		CSD,KOW4_SPT5,NYN,USA1_M	Pfam	CSD,KOW4_SPT5,NYN,USA1_M	1	1	1	1	1	1	0	0	0	0	0	0	0	0	0	0	0	0	0	0	0	0
C287:EHM034692|EHA02331_bin.15_gene_266_1	C287			yes	pairwise			155		6/6	0/8	0/8		ABC_tran_CTD,ATG16,CEP135_TSGA10_CC,Cnn_1N,DUF3347,DUF3450,HpsJ,NAD_Gly3P_dh_N,PI3K_P85_iSH2,TPR_MLP1_2,UPF0242	Pfam	ABC_tran_CTD,ATG16,CEP135_TSGA10_CC,Cnn_1N,DUF3347,DUF3450,HpsJ,NAD_Gly3P_dh_N,PI3K_P85_iSH2,TPR_MLP1_2,UPF0242	1	1	1	1	1	1	0	0	0	0	0	0	0	0	0	0	0	0	0	0	0	0
C287:EHM034692|EHA02331_bin.15_gene_278_6	C287			yes	pairwise		UHM1210.23070_R.bin.101|k141_1142038_15 (6)	137		6/6	0/8	1/8		ExbD	Pfam	ExbD	1	1	1	1	1	1	0	0	0	0	0	0	0	0	0	0	0	0	0	1	0	0
C287:EHM034692|EHA02331_bin.15_gene_278_7	C287			yes	pairwise		EHM034692|EHA02331_bin.15_gene_278_7 (2)	285		6/6	0/8	7/8		TonB_2,TonB_C	Pfam	TonB_2,TonB_C	1	1	1	1	1	1	0	0	0	0	0	0	0	0	1	1	0	1	1	1	1	1
C287:EHM034692|EHA02331_bin.15_gene_284_13	C287			yes	pairwise		EHM034692|EHA02331_bin.15_gene_284_13 (5)	124		6/6	0/8	7/8		Apolipoprotein,ArfB,DUF883_C,LEA_4,YtxH	Pfam	Apolipoprotein,ArfB,DUF883_C,LEA_4,YtxH	1	1	1	1	1	1	0	0	0	0	0	0	0	0	1	1	1	1	1	1	1	0
C287:EHM034692|EHA02331_bin.15_gene_286_3	C287			yes	pairwise		EHM034692|EHA02331_bin.15_gene_286_3 (6)	249		6/6	0/8	1/8		DUF3244,DUF4381,DUF6080,F5_F8_type_C,F5_F8_type_C_2,FUT8_N_cat,Phage_Y01A	Pfam	DUF3244,DUF4381,DUF6080,F5_F8_type_C,F5_F8_type_C_2,FUT8_N_cat,Phage_Y01A	1	1	1	1	1	1	0	0	0	0	0	0	0	0	0	0	0	0	0	1	0	0
C287:EHM034692|EHA02331_bin.15_gene_288_5	C287			yes	pairwise		EHM034692|EHA02331_bin.15_gene_288_5 (4)	305		6/6	0/8	7/8		KH_PARP10,Lactamase_B,Lactamase_B_2,Lactamase_B_3	Pfam	KH_PARP10,Lactamase_B,Lactamase_B_2,Lactamase_B_3	1	1	1	1	1	1	0	0	0	0	0	0	0	0	1	0	1	1	1	1	1	1
C287:EHM034692|EHA02331_bin.15_gene_53_9	C287			yes	pairwise		EHM034674|EHA02355_bin.24_gene_68_15 (3)	259		6/6	0/8	6/8		DeoRC,DIP2311-like_C,DUF1670,FaeA,FilR1_N,GntR,HTH_11,HTH_24,HTH_AsnC-type,HTH_Crp_2,HTH_DeoR,HVO_A0261_N,MarR,PF0610-like_N,PheRS_DBD1	Pfam	DeoRC,DIP2311-like_C,DUF1670,FaeA,FilR1_N,GntR,HTH_11,HTH_24,HTH_AsnC-type,HTH_Crp_2,HTH_DeoR,HVO_A0261_N,MarR,PF0610-like_N,PheRS_DBD1	1	1	1	1	1	1	0	0	0	0	0	0	0	0	0	1	1	1	0	1	1	1
C287:EHM034692|EHA02331_bin.15_gene_55_3	C287			yes	pairwise		EHM034692|EHA02331_bin.15_gene_55_3 (5)	100		6/6	0/8	0/8		ClpS	Pfam	ClpS	1	1	1	1	1	1	0	0	0	0	0	0	0	0	0	0	0	0	0	0	0	0
C287:EHM034692|EHA02331_bin.15_gene_62_52	C287			yes	pairwise		EHM034674|EHA02355_bin.24_gene_117_2 (2)	489		6/6	0/8	8/8		Sulfatase	ModelOrg_C287	DUF229,Phosphodiest,SGSH_C,Sulfatase	1	1	1	1	1	1	0	0	0	0	0	0	0	0	1	1	1	1	1	1	1	1
C287:EHM034692|EHA02331_bin.15_gene_69_1	C287			yes	pairwise			236		6/6	0/8	6/8		Bles03,KIAA1549	Pfam	Bles03,KIAA1549	1	1	1	1	1	1	0	0	0	0	0	0	0	0	0	1	1	0	1	1	1	1
C287:EHM034692|EHA02331_bin.15_gene_71_3	C287			yes	pairwise		EHM034692|EHA02331_bin.15_gene_71_3 (4)	215		6/6	0/8	8/8		Superoxide dismutase	ModelOrg_C287	DUF6915,Sod_Fe_C,Sod_Fe_N	1	1	1	1	1	1	0	0	0	0	0	0	0	0	1	1	1	1	1	1	1	1
C287:EHM034692|EHA02331_bin.15_gene_73_6	C287			yes	pairwise		STP248.12601_R.bin.118|k141_923502_55 (6)	241		6/6	0/8	0/8		Cytidylate_kin2	Pfam	Cytidylate_kin2	1	1	1	1	1	1	0	0	0	0	0	0	0	0	0	0	0	0	0	0	0	0
C287:EHM034692|EHA02331_bin.15_gene_7_5	C287			yes	pairwise		EHM034692|EHA02331_bin.15_gene_7_5 (2)	126		6/6	0/8	0/8					1	1	1	1	1	1	0	0	0	0	0	0	0	0	0	0	0	0	0	0	0	0
C287:EHM034692|EHA02331_bin.15_gene_87_23	C287			yes	pairwise		EHM034692|EHA02331_bin.15_gene_87_23 (3)	201		6/6	0/8	7/8		AFAP_C,DUF3450,DUF7801,FapA,HAUS-augmin3,Hemerythrin,Ish1,Knl1_RWD_C,LysC,MIF4G_like_2,NOCA1_mid,Spc24,T4SS_LegC2C7,TMEM120A-B,Tup_N	Pfam	AFAP_C,DUF3450,DUF7801,FapA,HAUS-augmin3,Hemerythrin,Ish1,Knl1_RWD_C,LysC,MIF4G_like_2,NOCA1_mid,Spc24,T4SS_LegC2C7,TMEM120A-B,Tup_N	1	1	1	1	1	1	0	0	0	0	0	0	0	0	1	0	1	1	1	1	1	1
C287:EHM034692|EHA02331_bin.15_gene_87_31	C287			yes	pairwise			47		6/6	0/8	0/8		DUF7890	Pfam	DUF7890	1	1	1	1	1	1	0	0	0	0	0	0	0	0	0	0	0	0	0	0	0	0
C287:EHM034692|EHA02331_bin.15_gene_98_12	C287			yes	pairwise		UHM1210.23070_R.bin.101|k141_1135903_47 (5)	235		6/6	0/8	0/8		TP_methylase	Pfam	TP_methylase	1	1	1	1	1	1	0	0	0	0	0	0	0	0	0	0	0	0	0	0	0	0
C287:EHM034692|EHA02331_bin.15_gene_98_13	C287			yes	pairwise		STP248.12601_R.bin.118|k141_962093_34 (6)	413		6/6	0/8	0/8					1	1	1	1	1	1	0	0	0	0	0	0	0	0	0	0	0	0	0	0	0	0
C287:EHM034692|EHA02331_bin.15_gene_98_7	C287			yes	pairwise		EHM034720|EHA02359_bin.2_gene_202_2 (5)	187		6/6	0/8	3/8		RNase_H_2,RNase_T,Rv2179c-like	Pfam	RNase_H_2,RNase_T,Rv2179c-like	1	1	1	1	1	1	0	0	0	0	0	0	0	0	0	1	0	1	0	0	0	1
C286:EHM034720|EHA02359_bin.2_gene_103_7	C286			yes	pairwise			118		6/6	0/8	6/8					1	1	1	1	1	1	0	0	0	0	0	0	0	0	1	1	1	1	0	1	1	0
C286:EHM034720|EHA02359_bin.2_gene_106_4	C286			yes	pairwise			293		6/6	0/8	8/8		Transporter, hydrophobe/amphiphile efflux-1 (HAE1) family	ModelOrg_C286	ACR_tran,DUF485,MMPL,SecD_SecF_C	1	1	1	1	1	1	0	0	0	0	0	0	0	0	1	1	1	1	1	1	1	1
C286:EHM034720|EHA02359_bin.2_gene_113_10	C286			yes	pairwise		EHM034720|EHA02359_bin.2_gene_113_10 (4)	290		6/6	0/8	3/8		DivIC,DUF4407,DUF5094,Lin0124_C,LMBR1,PDZ_4,PRKG1_interact,SLC52_ribofla_tr,TbpB_A	Pfam	DivIC,DUF4407,DUF5094,Lin0124_C,LMBR1,PDZ_4,PRKG1_interact,SLC52_ribofla_tr,TbpB_A	1	1	1	1	1	1	0	0	0	0	0	0	0	0	1	0	0	0	1	1	0	0
C286:EHM034720|EHA02359_bin.2_gene_118_2	C286			yes	pairwise		EHM034692|EHA02331_bin.15_gene_113_5 (6)	379		6/6	0/8	1/8		LDcluster4,Lysine_decarbox	Pfam	LDcluster4,Lysine_decarbox	1	1	1	1	1	1	0	0	0	0	0	0	0	0	0	1	0	0	0	0	0	0
C286:EHM034720|EHA02359_bin.2_gene_120_3	C286			yes	pairwise			233		6/6	0/8	8/8		DUF374,WHD_WYL_N	Pfam	DUF374,WHD_WYL_N	1	1	1	1	1	1	0	0	0	0	0	0	0	0	1	1	1	1	1	1	1	1
C286:EHM034720|EHA02359_bin.2_gene_128_6	C286			yes	pairwise		EHM034674|EHA02355_bin.24_gene_23_3 (5)	412		6/6	0/8	4/8		DUF1216	Pfam	DUF1216	1	1	1	1	1	1	0	0	0	0	0	0	0	0	1	1	0	0	1	1	0	0
C286:EHM034720|EHA02359_bin.2_gene_12_8	C286			yes	pairwise		EHM034720|EHA02359_bin.2_gene_12_8 (5)	282		6/6	0/8	3/8		DUF5392,DUF6057,TMEM107	Pfam	DUF5392,DUF6057,TMEM107	1	1	1	1	1	1	0	0	0	0	0	0	0	0	1	0	0	1	0	1	0	0
C286:EHM034720|EHA02359_bin.2_gene_134_3	C286			yes	pairwise		STP248.12601_R.bin.118|k141_962093_34 (6)	419		6/6	0/8	0/8		DUF3464,INV_N,SpoIIIAH,UPF0239	Pfam	DUF3464,INV_N,SpoIIIAH,UPF0239	1	1	1	1	1	1	0	0	0	0	0	0	0	0	0	0	0	0	0	0	0	0
C286:EHM034720|EHA02359_bin.2_gene_134_4	C286			yes	pairwise			130		6/6	0/8	0/8		Piezo_cap,RisS_PPD,TP_methylase	Pfam	Piezo_cap,RisS_PPD,TP_methylase	1	1	1	1	1	1	0	0	0	0	0	0	0	0	0	0	0	0	0	0	0	0
C286:EHM034720|EHA02359_bin.2_gene_135_4	C286			yes	pairwise		EHM034720|EHA02359_bin.2_gene_135_4 (2)	358		6/6	0/8	5/8		Abhydrolase_1,Abhydrolase_6,BAAT_C,DUF7796,Hydrolase_4,Peptidase_S15	Pfam	Abhydrolase_1,Abhydrolase_6,BAAT_C,DUF7796,Hydrolase_4,Peptidase_S15	1	1	1	1	1	1	0	0	0	0	0	0	0	0	1	1	0	0	1	0	1	1
C286:EHM034720|EHA02359_bin.2_gene_137_9	C286			yes	pairwise		STP248.12601_R.bin.118|k141_465240_36 (6)	310		6/6	0/8	0/8		CSD,NYN,USA1_M	Pfam	CSD,NYN,USA1_M	1	1	1	1	1	1	0	0	0	0	0	0	0	0	0	0	0	0	0	0	0	0
C286:EHM034720|EHA02359_bin.2_gene_141_1	C286			yes	pairwise			295		6/6	0/8	6/8		DUF639,EptA_B_N,Sulfatase	Pfam	DUF639,EptA_B_N,Sulfatase	1	1	1	1	1	1	0	0	0	0	0	0	0	0	1	0	0	1	1	1	1	1
C286:EHM034720|EHA02359_bin.2_gene_171_5	C286			yes	pairwise			135		6/6	0/8	3/8		Septum formation initiator family protein	ModelOrg_C286	DivIC,PRM1	1	1	1	1	1	1	0	0	0	0	0	0	0	0	0	1	0	0	1	1	0	0
C286:EHM034720|EHA02359_bin.2_gene_184_8	C286			yes	pairwise		EHM034720|EHA02359_bin.2_gene_184_8 (6)	488		6/6	0/8	1/8					1	1	1	1	1	1	0	0	0	0	0	0	0	0	0	0	1	0	0	0	0	0
C286:EHM034720|EHA02359_bin.2_gene_186_5	C286			yes	pairwise		STP248.12601_R.bin.118|k141_483842_37 (12)	503		6/6	0/8	0/8		ABC_transp_aux,DUF4350,IFT52_GIFT,TCAF_N	Pfam	ABC_transp_aux,DUF4350,IFT52_GIFT,TCAF_N	1	1	1	1	1	1	0	0	0	0	0	0	0	0	0	0	0	0	0	0	0	0
C286:EHM034720|EHA02359_bin.2_gene_186_6	C286			yes	pairwise		UHM1073.23039_R.bin.125|k141_197029_78 (6)	250		6/6	0/8	0/8		DUF6095,Pox_A14,T_cell_tran_alt	Pfam	DUF6095,Pox_A14,T_cell_tran_alt	1	1	1	1	1	1	0	0	0	0	0	0	0	0	0	0	0	0	0	0	0	0
C286:EHM034720|EHA02359_bin.2_gene_18_3	C286			yes	pairwise			267		6/6	0/8	7/8		Beta-lactamase domain protein	ModelOrg_C286	Anti-Pycsar_Apyc1,Lactamase_B,Lactamase_B_2	1	1	1	1	1	1	0	0	0	0	0	0	0	0	0	1	1	1	1	1	1	1
C286:EHM034720|EHA02359_bin.2_gene_190_8	C286			yes	pairwise		EHM034720|EHA02359_bin.2_gene_190_8 (13)	713		6/6	0/8	0/8		Fn3-like,Glyco_hydro_3,Glyco_hydro_3_C	Pfam	Fn3-like,Glyco_hydro_3,Glyco_hydro_3_C	1	1	1	1	1	1	0	0	0	0	0	0	0	0	0	0	0	0	0	0	0	0
C286:EHM034720|EHA02359_bin.2_gene_194_1	C286			yes	pairwise		STP248.12601_R.bin.118|k141_417709_118 (5)	129		6/6	0/8	2/8	fluC	Fluoride-specific ion channel FluC	ModelOrg_C286	CRCB,ECF_trnsprt,PrgI_like	1	1	1	1	1	1	0	0	0	0	0	0	0	0	1	0	0	0	1	0	0	0
C286:EHM034720|EHA02359_bin.2_gene_194_3	C286			yes	pairwise		STP248.12601_R.bin.118|k141_923502_55 (6)	233		6/6	0/8	0/8		AAA_18,Cytidylate_kin,Cytidylate_kin2,DUF7438	Pfam	AAA_18,Cytidylate_kin,Cytidylate_kin2,DUF7438	1	1	1	1	1	1	0	0	0	0	0	0	0	0	0	0	0	0	0	0	0	0
C286:EHM034720|EHA02359_bin.2_gene_220_15	C286			yes	pairwise		UHM1210.23070_R.bin.101|k141_692359_55 (6)	360		6/6	0/8	8/8		Methyltransf_28	Pfam	Methyltransf_28	1	1	1	1	1	1	0	0	0	0	0	0	0	0	1	1	1	1	1	1	1	1
C286:EHM034720|EHA02359_bin.2_gene_220_29	C286			yes	pairwise		EHM034720|EHA02359_bin.2_gene_220_29 (2)	656		6/6	0/8	2/8		ArnB_C,Cap_depo,CemA,CG45076_Coiled-coil,EccD,GAP45,Seadorna_VP4	Pfam	ArnB_C,Cap_depo,CemA,CG45076_Coiled-coil,EccD,GAP45,Seadorna_VP4	1	1	1	1	1	1	0	0	0	0	0	0	0	0	1	0	0	0	0	1	0	0
C286:EHM034720|EHA02359_bin.2_gene_233_4	C286			yes	pairwise		UHM1210.23070_R.bin.101|k141_35550_25 (6)	149		6/6	0/8	0/8		Trimer_CC	Pfam	Trimer_CC	1	1	1	1	1	1	0	0	0	0	0	0	0	0	0	0	0	0	0	0	0	0
C286:EHM034720|EHA02359_bin.2_gene_236_5	C286			yes	pairwise		EHM034720|EHA02359_bin.2_gene_236_5 (2)	268		6/6	0/8	2/8		CbiK,CbiX	Pfam	CbiK,CbiX	1	1	1	1	1	1	0	0	0	0	0	0	0	0	0	0	0	0	1	1	0	0
C286:EHM034720|EHA02359_bin.2_gene_255_15	C286			yes	pairwise		UHM1210.23070_R.bin.101|k141_1318991_122 (2)	347		6/6	0/8	6/8		EAK4_helical,HLH	Pfam	EAK4_helical,HLH	1	1	1	1	1	1	0	0	0	0	0	0	0	0	1	0	1	1	0	1	1	1
C286:EHM034720|EHA02359_bin.2_gene_256_9	C286			yes	pairwise		UHM1210.23070_R.bin.101|k141_1142038_15 (6)	139		6/6	0/8	1/8		ExbD,zf_C2H2_13	Pfam	ExbD,zf_C2H2_13	1	1	1	1	1	1	0	0	0	0	0	0	0	0	0	0	0	0	0	1	0	0
C286:EHM034720|EHA02359_bin.2_gene_3_6	C286			yes	pairwise		UHM1210.23070_R.bin.101|k141_44701_26 (2)	468		6/6	0/8	4/8		ADIP,Ig-CFAP74_2,OmpH,Phage_Mu_gp18,SPG4	Pfam	ADIP,Ig-CFAP74_2,OmpH,Phage_Mu_gp18,SPG4	1	1	1	1	1	1	0	0	0	0	0	0	0	0	1	1	0	0	1	1	0	0
C286:EHM034720|EHA02359_bin.2_gene_46_1	C286			yes	pairwise			149		6/6	0/8	2/8		Cytochrome_CBB3,Cytochrom_C	Pfam	Cytochrome_CBB3,Cytochrom_C	1	1	1	1	1	1	0	0	0	0	0	0	0	0	1	1	0	0	0	0	0	0
C286:EHM034720|EHA02359_bin.2_gene_4_20	C286			yes	pairwise			909		6/6	0/8	4/8		Outer membrane autotransporter barrel domain protein	ModelOrg_C286	LptD_N,PATR,PTL_trimer	1	1	1	1	1	1	0	0	0	0	0	0	0	0	1	0	0	1	0	1	0	1
C286:EHM034720|EHA02359_bin.2_gene_4_8	C286			yes	pairwise		EHM034720|EHA02359_bin.2_gene_4_8 (3)	282		6/6	0/8	5/8		Uncharacterized protein	ModelOrg_C286	DUF1737,DUF5686_C	1	1	1	1	1	1	0	0	0	0	0	0	0	0	1	1	0	0	1	1	1	0
C286:EHM034720|EHA02359_bin.2_gene_56_8	C286			yes	pairwise		EHM034692|EHA02331_bin.15_gene_55_3 (5)	96		6/6	0/8	0/8		ClpS,DcsG_N,zf-SCNM1	Pfam	ClpS,DcsG_N,zf-SCNM1	1	1	1	1	1	1	0	0	0	0	0	0	0	0	0	0	0	0	0	0	0	0
C286:EHM034720|EHA02359_bin.2_gene_56_9	C286			yes	pairwise		UHM1210.23070_R.bin.101|k141_983138_33 (5)	197		6/6	0/8	0/8		DUF2017	Pfam	DUF2017	1	1	1	1	1	1	0	0	0	0	0	0	0	0	0	0	0	0	0	0	0	0
C286:EHM034720|EHA02359_bin.2_gene_57_3	C286			yes	pairwise		EHM034720|EHA02359_bin.2_gene_57_3 (6)	170		6/6	0/8	0/8		GAF,GAF_2	Pfam	GAF,GAF_2	1	1	1	1	1	1	0	0	0	0	0	0	0	0	0	0	0	0	0	0	0	0
C286:EHM034720|EHA02359_bin.2_gene_58_10	C286			yes	pairwise		UHM1210.23070_R.bin.101|k141_35550_134 (3)	364		6/6	0/8	5/8		SRP_TPR_like,TPR_12,TPR_2,TPR_6,TPR_8	Pfam	SRP_TPR_like,TPR_12,TPR_2,TPR_6,TPR_8	1	1	1	1	1	1	0	0	0	0	0	0	0	0	1	1	0	0	1	1	0	1
C286:EHM034720|EHA02359_bin.2_gene_69_3	C286			yes	pairwise		EHM034692|EHA02331_bin.15_gene_166_5 (6)	260		6/6	0/8	8/8		Raptor_N,Sel1,TPR_19	Pfam	Raptor_N,Sel1,TPR_19	1	1	1	1	1	1	0	0	0	0	0	0	0	0	1	1	1	1	1	1	1	1
C286:EHM034720|EHA02359_bin.2_gene_70_4	C286			yes	pairwise			78		6/6	0/8	0/8					1	1	1	1	1	1	0	0	0	0	0	0	0	0	0	0	0	0	0	0	0	0
C286:EHM034720|EHA02359_bin.2_gene_76_10	C286			yes	pairwise		STP248.12601_R.bin.118|k141_540405_57 (2)	787		6/6	0/8	0/8		CCDC106,Secretin,Secretin_N,type_II_gspD_N0	Pfam	CCDC106,Secretin,Secretin_N,type_II_gspD_N0	1	1	1	1	1	1	0	0	0	0	0	0	0	0	0	0	0	0	0	0	0	0
C286:EHM034720|EHA02359_bin.2_gene_79_3	C286			yes	pairwise			692		6/6	0/8	8/8		Ferrous iron transport protein B	ModelOrg_C286	AIG1,ATP_bind_1,Dynamin_N,FeoB_C,FeoB_Cyto,FeoB_N,Gate,GTP_EFTU,MMR_HSR1,RsgA_GTPase,SRPRB,TMEM238	1	1	1	1	1	1	0	0	0	0	0	0	0	0	1	1	1	1	1	1	1	1
C286:EHM034720|EHA02359_bin.2_gene_7_20	C286			yes	pairwise		UHM1073.23039_R.bin.125|k141_471956_3 (5)	233		6/6	0/8	8/8		DUF1573 domain-containing protein	ModelOrg_C286	A9CJY8-like_N,DUF1573,HYDIN_VesB_CFA65-like_Ig	1	1	1	1	1	1	0	0	0	0	0	0	0	0	1	1	1	1	1	1	1	1
C286:EHM034720|EHA02359_bin.2_gene_81_14	C286			yes	pairwise			77		6/6	0/8	2/8		ZnuA	Pfam	ZnuA	1	1	1	1	1	1	0	0	0	0	0	0	0	0	0	1	0	0	1	0	0	0
C286:EHM034720|EHA02359_bin.2_gene_92_1	C286			yes	pairwise			357		6/6	0/8	8/8		CFAP70_TPR_C,HAT_PRP39_N,RMD1-3,RPN7,SNAP,TPR_1,TPR_12,TPR_14,TPR_16,TPR_18,TPR_19,TPR_2,TPR_21,TPR_6,TPR_7,TPR_8,YfiO	Pfam	CFAP70_TPR_C,HAT_PRP39_N,RMD1-3,RPN7,SNAP,TPR_1,TPR_12,TPR_14,TPR_16,TPR_18,TPR_19,TPR_2,TPR_21,TPR_6,TPR_7,TPR_8,YfiO	1	1	1	1	1	1	0	0	0	0	0	0	0	0	1	1	1	1	1	1	1	1
C286:EHM034720|EHA02359_bin.2_gene_92_2	C286			yes	pairwise			175		6/6	0/8	8/8		GNA1162-like,LptE	Pfam	GNA1162-like,LptE	1	1	1	1	1	1	0	0	0	0	0	0	0	0	1	1	1	1	1	1	1	1
C286:EHM034720|EHA02359_bin.2_gene_94_29	C286			yes	pairwise		EHM034720|EHA02359_bin.2_gene_94_29 (6)	152		6/6	0/8	1/8					1	1	1	1	1	1	0	0	0	0	0	0	0	0	0	0	0	0	0	1	0	0
C298:STP248.12601_R.bin.118|k141_129934_107	C298			yes	pairwise		STP248.12601_R.bin.118|k141_129934_107 (2)	221		6/6	0/8	2/8		Cytochrome_CBB3,Cytochrom_C,SoxA-TsdA_cyt-c	Pfam	Cytochrome_CBB3,Cytochrom_C,SoxA-TsdA_cyt-c	1	1	1	1	1	1	0	0	0	0	0	0	0	0	1	1	0	0	0	0	0	0
C298:STP248.12601_R.bin.118|k141_129934_110	C298			yes	pairwise			754		6/6	0/8	3/8		Cytochrome_CBB3,Cytochrom_C,FixO,TssN	Pfam	Cytochrome_CBB3,Cytochrom_C,FixO,TssN	1	1	1	1	1	1	0	0	0	0	0	0	0	0	1	1	1	0	0	0	0	0
C298:STP248.12601_R.bin.118|k141_129934_115	C298			yes	pairwise		UHM1210.23070_R.bin.101|k141_35550_25 (6)	150		6/6	0/8	0/8					1	1	1	1	1	1	0	0	0	0	0	0	0	0	0	0	0	0	0	0	0	0
C298:STP248.12601_R.bin.118|k141_129934_31	C298			yes	pairwise			455		6/6	0/8	7/8		TonB family protein	ModelOrg_C298	TonB_C	1	1	1	1	1	1	0	0	0	0	0	0	0	0	1	1	0	1	1	1	1	1
C298:STP248.12601_R.bin.118|k141_417709_123	C298			yes	pairwise			264		6/6	0/8	8/8		LysM,LysM3_LYK4_5	Pfam	LysM,LysM3_LYK4_5	1	1	1	1	1	1	0	0	0	0	0	0	0	0	1	1	1	1	1	1	1	1
C298:STP248.12601_R.bin.118|k141_417709_49	C298			yes	pairwise		EHM034720|EHA02359_bin.2_gene_4_8 (3)	292		6/6	0/8	5/8					1	1	1	1	1	1	0	0	0	0	0	0	0	0	1	1	0	0	1	1	1	0
C298:STP248.12601_R.bin.118|k141_435317_26	C298			yes	pairwise		EHM034674|EHA02355_bin.24_gene_83_6 (3)	241		6/6	0/8	8/8		Peptidyl-prolyl cis-trans isomerase	ModelOrg_C298	Pro_isomerase	1	1	1	1	1	1	0	0	0	0	0	0	0	0	1	1	1	1	1	1	1	1
C298:STP248.12601_R.bin.118|k141_435317_9	C298			yes	pairwise			272		6/6	0/8	8/8		Big_14,CBM_6,CHIPS,DUF7974,DUF8186_C	Pfam	Big_14,CBM_6,CHIPS,DUF7974,DUF8186_C	1	1	1	1	1	1	0	0	0	0	0	0	0	0	1	1	1	1	1	1	1	1
C298:STP248.12601_R.bin.118|k141_465240_11	C298			yes	pairwise		UHM1210.23070_R.bin.101|k141_604287_23 (2)	266		6/6	0/8	2/8		Cytochrome c assembly protein	ModelOrg_C298	CyanoTRADDas_TM,Cytochrom_C_asm,DUF6232,SECTM1_C	1	1	1	1	1	1	0	0	0	0	0	0	0	0	0	1	0	0	0	1	0	0
C298:STP248.12601_R.bin.118|k141_465240_110	C298			yes	pairwise			3220		6/6	0/8	8/8		Outer membrane autotransporter barrel domain protein	ModelOrg_C298	AF2028_3rd,Autotransporter,PATR	1	1	1	1	1	1	0	0	0	0	0	0	0	0	1	1	1	1	1	1	1	1
C298:STP248.12601_R.bin.118|k141_465240_2	C298			yes	pairwise			658		6/6	0/8	8/8		beta-N-acetylhexosaminidase	ModelOrg_C298	GHL6,Glycohydro_20b2,Glyco_hydro_20,Glyco_hydro_20b,Lmo0850,NAGLU_N,PqqF_C_3	1	1	1	1	1	1	0	0	0	0	0	0	0	0	1	1	1	1	1	1	1	1
C298:STP248.12601_R.bin.118|k141_465240_36	C298			yes	pairwise		STP248.12601_R.bin.118|k141_465240_36 (6)	314		6/6	0/8	0/8		CSD,KOW4_SPT5,NYN	Pfam	CSD,KOW4_SPT5,NYN	1	1	1	1	1	1	0	0	0	0	0	0	0	0	0	0	0	0	0	0	0	0
C298:STP248.12601_R.bin.118|k141_465240_8	C298			yes	pairwise		UHM1073.23039_R.bin.125|k141_197029_78 (6)	235		6/6	0/8	0/8		DUF6418	Pfam	DUF6418	1	1	1	1	1	1	0	0	0	0	0	0	0	0	0	0	0	0	0	0	0	0
C298:STP248.12601_R.bin.118|k141_540405_141	C298			yes	pairwise		UHM1210.23070_R.bin.101|k141_692359_55 (6)	360		6/6	0/8	8/8		Methyltransf_28,WHD_Storkhead	Pfam	Methyltransf_28,WHD_Storkhead	1	1	1	1	1	1	0	0	0	0	0	0	0	0	1	1	1	1	1	1	1	1
C298:STP248.12601_R.bin.118|k141_540405_173	C298			yes	pairwise			226		6/6	0/8	3/8		Phosphate uptake regulator, PhoU	ModelOrg_C298	DUF6176,HmpF,KH_PARP14_2,OmpH,PhoU,TerB_C	1	1	1	1	1	1	0	0	0	0	0	0	0	0	1	0	0	0	0	1	0	1
C298:STP248.12601_R.bin.118|k141_540405_57	C298			yes	pairwise		STP248.12601_R.bin.118|k141_540405_57 (2)	784		6/6	0/8	0/8		DUF1180,Secretin,Secretin_N,type_II_gspD_N0	Pfam	DUF1180,Secretin,Secretin_N,type_II_gspD_N0	1	1	1	1	1	1	0	0	0	0	0	0	0	0	0	0	0	0	0	0	0	0
C298:STP248.12601_R.bin.118|k141_540405_90	C298			yes	pairwise		EHM034720|EHA02359_bin.2_gene_12_8 (5)	285		6/6	0/8	3/8					1	1	1	1	1	1	0	0	0	0	0	0	0	0	1	0	0	1	0	1	0	0
C298:STP248.12601_R.bin.118|k141_556585_6	C298			yes	pairwise			157		6/6	0/8	7/8		Septum formation initiator family protein	ModelOrg_C298	Choline_transpo,DivIC,KMS1_N,TMEM70,Tmemb_9	1	1	1	1	1	1	0	0	0	0	0	0	0	0	0	1	1	1	1	1	1	1
C298:STP248.12601_R.bin.118|k141_557158_46	C298			yes	pairwise		UHM1210.23070_R.bin.101|k141_1142038_15 (6)	138		6/6	0/8	1/8		Bap31_Bap29_C,Betaherpes_U91,ExbD	Pfam	Bap31_Bap29_C,Betaherpes_U91,ExbD	1	1	1	1	1	1	0	0	0	0	0	0	0	0	0	0	0	0	0	1	0	0
C298:STP248.12601_R.bin.118|k141_588353_58	C298			yes	pairwise		STP248.12601_R.bin.118|k141_500071_4 (2)	848		6/6	0/8	2/8		Cytochrome_C7,Cytochrome_CBB3,Cytochrom_c3_2,Cytochrom_CIII,DPPIV_N,DUF1924,Haem_bd,HZS_alpha,Mtrc-MtrF_II-IV_dom,Paired_CXXCH_1,PccH,PD40,PSCyt1,Tricorn_N	Pfam	Cytochrome_C7,Cytochrome_CBB3,Cytochrom_c3_2,Cytochrom_CIII,DPPIV_N,DUF1924,Haem_bd,HZS_alpha,Mtrc-MtrF_II-IV_dom,Paired_CXXCH_1,PccH,PD40,PSCyt1,Tricorn_N	1	1	1	1	1	1	0	0	0	0	0	0	0	0	0	0	0	0	1	1	0	0
C298:STP248.12601_R.bin.118|k141_588353_78	C298			yes	pairwise		STP248.12601_R.bin.118|k141_588353_82 (6)	889		6/6	0/8	2/8		Cytochrome_C7,Cytochrome_CBB3,Cytochrom_c3_2,Cytochrom_CIII,HZS_alpha,Mtrc-MtrF_II-IV_dom,Paired_CXXCH_1,PD40,Tll0287-like,Tricorn_N	Pfam	Cytochrome_C7,Cytochrome_CBB3,Cytochrom_c3_2,Cytochrom_CIII,HZS_alpha,Mtrc-MtrF_II-IV_dom,Paired_CXXCH_1,PD40,Tll0287-like,Tricorn_N	1	1	1	1	1	1	0	0	0	0	0	0	0	0	0	0	0	0	1	1	0	0
C298:STP248.12601_R.bin.118|k141_588353_80	C298			yes	pairwise		STP248.12601_R.bin.118|k141_588353_82 (6)	883		6/6	0/8	2/8		Cytochrome_C7,Cytochrom_CIII,HZS_alpha,Paired_CXXCH_1,PccH	Pfam	Cytochrome_C7,Cytochrom_CIII,HZS_alpha,Paired_CXXCH_1,PccH	1	1	1	1	1	1	0	0	0	0	0	0	0	0	0	0	0	0	1	1	0	0
C298:STP248.12601_R.bin.118|k141_588353_86	C298			yes	pairwise		EHM034720|EHA02359_bin.2_gene_57_3 (6)	182		6/6	0/8	0/8		GAF,GAF_2	Pfam	GAF,GAF_2	1	1	1	1	1	1	0	0	0	0	0	0	0	0	0	0	0	0	0	0	0	0
C298:STP248.12601_R.bin.118|k141_589226_26	C298			yes	pairwise		UHM1210.23070_R.bin.101|k141_35550_134 (3)	352		6/6	0/8	5/8		TPR-S,TPR_1,TPR_11,TPR_14,TPR_16,TPR_2,TPR_6,TPR_7,TPR_8,TPR_Slam	Pfam	TPR-S,TPR_1,TPR_11,TPR_14,TPR_16,TPR_2,TPR_6,TPR_7,TPR_8,TPR_Slam	1	1	1	1	1	1	0	0	0	0	0	0	0	0	1	1	0	0	1	1	0	1
C298:STP248.12601_R.bin.118|k141_666362_24	C298			yes	pairwise			95		6/6	0/8	0/8		ClpS,DcsG_N	Pfam	ClpS,DcsG_N	1	1	1	1	1	1	0	0	0	0	0	0	0	0	0	0	0	0	0	0	0	0
C298:STP248.12601_R.bin.118|k141_70658_11	C298			yes	pairwise		EHM034692|EHA02331_bin.15_gene_113_5 (6)	379		6/6	0/8	1/8		LDcluster4,Lysine_decarbox	Pfam	LDcluster4,Lysine_decarbox	1	1	1	1	1	1	0	0	0	0	0	0	0	0	0	1	0	0	0	0	0	0
C298:STP248.12601_R.bin.118|k141_745868_29	C298			yes	pairwise		EHM034692|EHA02331_bin.15_gene_87_23 (3)	208		6/6	0/8	7/8		ATG16,Bcr-Abl_Oligo,DivIC,DNA_pol_D_N,DUF4140,DUF5344,Fez1,HAUS-augmin3,NOCA1_mid,OrfB_IS605,Spc24,TRIM_CC,USP8_interact	Pfam	ATG16,Bcr-Abl_Oligo,DivIC,DNA_pol_D_N,DUF4140,DUF5344,Fez1,HAUS-augmin3,NOCA1_mid,OrfB_IS605,Spc24,TRIM_CC,USP8_interact	1	1	1	1	1	1	0	0	0	0	0	0	0	0	1	0	1	1	1	1	1	1
C298:STP248.12601_R.bin.118|k141_76108_32	C298			yes	pairwise		EHM034674|EHA02355_bin.24_gene_23_3 (5)	426		6/6	0/8	4/8		DUF5305,KPN01023,MSH_C,PFF1_TM	Pfam	DUF5305,KPN01023,MSH_C,PFF1_TM	1	1	1	1	1	1	0	0	0	0	0	0	0	0	1	1	0	0	1	1	0	0
C298:STP248.12601_R.bin.118|k141_769723_19	C298			yes	pairwise			181		6/6	0/8	6/8		SprT-like domain-containing protein	ModelOrg_C298	Astacin,DUF3810,PipA,SprT-like	1	1	1	1	1	1	0	0	0	0	0	0	0	0	1	0	1	1	0	1	1	1
C298:STP248.12601_R.bin.118|k141_769723_53	C298			yes	pairwise			169		6/6	0/8	8/8		2-amino-4-hydroxy-6-hydroxymethyldihydropteridine pyrophosphokinase	ModelOrg_C298	DH2-like,HPPK	1	1	1	1	1	1	0	0	0	0	0	0	0	0	1	1	1	1	1	1	1	1
C298:STP248.12601_R.bin.118|k141_769723_57	C298			yes	pairwise		EHM034720|EHA02359_bin.2_gene_190_8 (13)	749		6/6	0/8	0/8		Cep192_D5,Fn3-like,Glyco_hydro_3,Glyco_hydro_3_C	Pfam	Cep192_D5,Fn3-like,Glyco_hydro_3,Glyco_hydro_3_C	1	1	1	1	1	1	0	0	0	0	0	0	0	0	0	0	0	0	0	0	0	0
C298:STP248.12601_R.bin.118|k141_769723_73	C298			yes	pairwise			196		6/6	0/8	8/8		ErfK/YbiS/YcfS/YnhG family protein	ModelOrg_C298	YkuD	1	1	1	1	1	1	0	0	0	0	0	0	0	0	1	1	1	1	1	1	1	1
C298:STP248.12601_R.bin.118|k141_771786_39	C298			yes	pairwise		STP248.12601_R.bin.118|k141_771786_39 (6)	273		6/6	0/8	0/8		DUF432	Pfam	DUF432	1	1	1	1	1	1	0	0	0	0	0	0	0	0	0	0	0	0	0	0	0	0
C298:STP248.12601_R.bin.118|k141_772933_22	C298			yes	pairwise			134		6/6	0/8	8/8		OsmC	Pfam	OsmC	1	1	1	1	1	1	0	0	0	0	0	0	0	0	1	1	1	1	1	1	1	1
C298:STP248.12601_R.bin.118|k141_786323_30	C298			yes	pairwise		EHM034692|EHA02331_bin.15_gene_284_13 (5)	124		6/6	0/8	7/8		Apolipoprotein,ApoLp-III,At4g13230,DUF6240,DUF883_C,LEA_4,Sll0103_C,YtxH	Pfam	Apolipoprotein,ApoLp-III,At4g13230,DUF6240,DUF883_C,LEA_4,Sll0103_C,YtxH	1	1	1	1	1	1	0	0	0	0	0	0	0	0	1	1	1	1	1	1	1	0
C298:STP248.12601_R.bin.118|k141_879507_13	C298			yes	pairwise		EHM034692|EHA02331_bin.15_gene_166_5 (6)	269		6/6	0/8	8/8		Raptor_N,Sel1	Pfam	Raptor_N,Sel1	1	1	1	1	1	1	0	0	0	0	0	0	0	0	1	1	1	1	1	1	1	1
C298:STP248.12601_R.bin.118|k141_904984_100	C298			yes	pairwise		EHM034720|EHA02359_bin.2_gene_135_4 (2)	360		6/6	0/8	5/8		Abhydrolase_1,Abhydrolase_6,Homeobox_KN,Hydrolase_4,Peptidase_S15,YldA	Pfam	Abhydrolase_1,Abhydrolase_6,Homeobox_KN,Hydrolase_4,Peptidase_S15,YldA	1	1	1	1	1	1	0	0	0	0	0	0	0	0	1	1	0	0	1	0	1	1
C298:STP248.12601_R.bin.118|k141_904984_30	C298			yes	pairwise			1144		6/6	0/8	2/8		PDZ domain-containing protein	ModelOrg_C298	DUF6288,NPCBM,PDZ,PDZ_6,SQHop_cyclase_C	1	1	1	1	1	1	0	0	0	0	0	0	0	0	1	1	0	0	0	0	0	0
C298:STP248.12601_R.bin.118|k141_923502_55	C298			yes	pairwise		STP248.12601_R.bin.118|k141_923502_55 (6)	240		6/6	0/8	0/8		Cytidylate_kin,Cytidylate_kin2	Pfam	Cytidylate_kin,Cytidylate_kin2	1	1	1	1	1	1	0	0	0	0	0	0	0	0	0	0	0	0	0	0	0	0
C298:STP248.12601_R.bin.118|k141_958820_20	C298			yes	pairwise		EHM034720|EHA02359_bin.2_gene_94_29 (6)	171		6/6	0/8	1/8					1	1	1	1	1	1	0	0	0	0	0	0	0	0	0	0	0	0	0	1	0	0
C298:STP248.12601_R.bin.118|k141_958820_79	C298			yes	pairwise		EHM034720|EHA02359_bin.2_gene_184_8 (6)	557		6/6	0/8	1/8					1	1	1	1	1	1	0	0	0	0	0	0	0	0	0	0	1	0	0	0	0	0
C298:STP248.12601_R.bin.118|k141_962093_34	C298			yes	pairwise		STP248.12601_R.bin.118|k141_962093_34 (6)	442		6/6	0/8	0/8		FixQ,IQM_M,New_glue,THU_Piezo1	Pfam	FixQ,IQM_M,New_glue,THU_Piezo1	1	1	1	1	1	1	0	0	0	0	0	0	0	0	0	0	0	0	0	0	0	0
C298:STP248.12601_R.bin.118|k141_962093_35	C298			yes	pairwise		UHM1210.23070_R.bin.101|k141_1135903_47 (5)	236		6/6	0/8	0/8		TP_methylase,TssR_VWA	Pfam	TP_methylase,TssR_VWA	1	1	1	1	1	1	0	0	0	0	0	0	0	0	0	0	0	0	0	0	0	0
C298:STP248.12601_R.bin.118|k141_962093_53	C298			yes	pairwise		STP248.12601_R.bin.118|k141_483842_37 (12)	489		6/6	0/8	0/8		IFT52_GIFT	Pfam	IFT52_GIFT	1	1	1	1	1	1	0	0	0	0	0	0	0	0	0	0	0	0	0	0	0	0
C288:UHM1073.23039_R.bin.125|k141_114434_16	C288			yes	pairwise			491		6/6	0/8	8/8		Sulfatase	ModelOrg_C288	Phosphodiest,SGSH_C,Sulfatase	1	1	1	1	1	1	0	0	0	0	0	0	0	0	1	1	1	1	1	1	1	1
C288:UHM1073.23039_R.bin.125|k141_114434_18	C288			yes	pairwise		EHM034674|EHA02355_bin.24_gene_194_6 (5)	785		6/6	0/8	0/8		CARDB,Cep192_D5,Fn3-like,Glyco_hydro_3,Glyco_hydro_3_C	Pfam	CARDB,Cep192_D5,Fn3-like,Glyco_hydro_3,Glyco_hydro_3_C	1	1	1	1	1	1	0	0	0	0	0	0	0	0	0	0	0	0	0	0	0	0
C288:UHM1073.23039_R.bin.125|k141_197029_78	C288			yes	pairwise		UHM1073.23039_R.bin.125|k141_197029_78 (6)	232		6/6	0/8	0/8					1	1	1	1	1	1	0	0	0	0	0	0	0	0	0	0	0	0	0	0	0	0
C288:UHM1073.23039_R.bin.125|k141_200691_134	C288			yes	pairwise		STP248.12601_R.bin.118|k141_483842_37 (12)	491		6/6	0/8	0/8		ABC_transp_aux,DUF4350,IFT52_GIFT,TCAF_N	Pfam	ABC_transp_aux,DUF4350,IFT52_GIFT,TCAF_N	1	1	1	1	1	1	0	0	0	0	0	0	0	0	0	0	0	0	0	0	0	0
C288:UHM1073.23039_R.bin.125|k141_223244_26	C288			yes	pairwise			200		6/6	0/8	7/8		GNAT_LYC1-like	Pfam	GNAT_LYC1-like	1	1	1	1	1	1	0	0	0	0	0	0	0	0	1	1	1	1	0	1	1	1
C288:UHM1073.23039_R.bin.125|k141_223244_75	C288			yes	pairwise		EHM034674|EHA02355_bin.24_gene_75_8 (5)	192		6/6	0/8	5/8		Uncharacterized protein	ModelOrg_C288	AbiEi_4,DUF8658,FaeA,HTH_10,HTH_17,HTH_23,HTH_29,HTH_31,RWP-RK,Sigma70_r4,Sigma70_r4_2	1	1	1	1	1	1	0	0	0	0	0	0	0	0	1	0	1	1	1	0	0	1
C288:UHM1073.23039_R.bin.125|k141_228062_101	C288			yes	pairwise		EHM034720|EHA02359_bin.2_gene_184_8 (6)	559		6/6	0/8	1/8		TPR_24,UBA_9	Pfam	TPR_24,UBA_9	1	1	1	1	1	1	0	0	0	0	0	0	0	0	0	0	1	0	0	0	0	0
C288:UHM1073.23039_R.bin.125|k141_228062_113	C288			yes	pairwise		STP248.12601_R.bin.118|k141_771786_39 (6)	273		6/6	0/8	0/8		DUF432	Pfam	DUF432	1	1	1	1	1	1	0	0	0	0	0	0	0	0	0	0	0	0	0	0	0	0
C288:UHM1073.23039_R.bin.125|k141_228062_17	C288			yes	pairwise		STP248.12601_R.bin.118|k141_923502_55 (6)	241		6/6	0/8	0/8		Cytidylate_kin2	Pfam	Cytidylate_kin2	1	1	1	1	1	1	0	0	0	0	0	0	0	0	0	0	0	0	0	0	0	0
C288:UHM1073.23039_R.bin.125|k141_228062_97	C288			yes	pairwise		EHM034692|EHA02331_bin.15_gene_71_3 (4)	215		6/6	0/8	8/8		Superoxide dismutase	ModelOrg_C288	Sod_Fe_C,Sod_Fe_N	1	1	1	1	1	1	0	0	0	0	0	0	0	0	1	1	1	1	1	1	1	1
C288:UHM1073.23039_R.bin.125|k141_311317_127	C288			yes	pairwise		EHM034720|EHA02359_bin.2_gene_81_4 (4)	207		6/6	0/8	0/8		ADK_lid,Arif-1,DUF6480,LapA_dom,Phage_holin_3_6,PH_40,Zn_ribbon_4	Pfam	ADK_lid,Arif-1,DUF6480,LapA_dom,Phage_holin_3_6,PH_40,Zn_ribbon_4	1	1	1	1	1	1	0	0	0	0	0	0	0	0	0	0	0	0	0	0	0	0
C288:UHM1073.23039_R.bin.125|k141_311317_16	C288			yes	pairwise		EHM034674|EHA02355_bin.24_gene_183_8 (2)	529		6/6	0/8	8/8		Rotamase_2,SurA_N_2,SurA_N_3,YnfE	Pfam	Rotamase_2,SurA_N_2,SurA_N_3,YnfE	1	1	1	1	1	1	0	0	0	0	0	0	0	0	1	1	1	1	1	1	1	1
C288:UHM1073.23039_R.bin.125|k141_311317_39	C288			yes	pairwise		EHM034692|EHA02331_bin.15_gene_113_5 (6)	379		6/6	0/8	1/8		LDcluster4	Pfam	LDcluster4	1	1	1	1	1	1	0	0	0	0	0	0	0	0	0	1	0	0	0	0	0	0
C288:UHM1073.23039_R.bin.125|k141_311317_68	C288			yes	pairwise		EHM034674|EHA02355_bin.24_gene_68_15 (3)	259		6/6	0/8	6/8		DeoRC,DIP2311-like_C,DUF1670,FaeA,FilR1_N,GntR,HTH_11,HTH_24,HTH_AsnC-type,HTH_Crp_2,HTH_DeoR,HVO_A0261_N,MarR,PF0610-like_N,PheRS_DBD1	Pfam	DeoRC,DIP2311-like_C,DUF1670,FaeA,FilR1_N,GntR,HTH_11,HTH_24,HTH_AsnC-type,HTH_Crp_2,HTH_DeoR,HVO_A0261_N,MarR,PF0610-like_N,PheRS_DBD1	1	1	1	1	1	1	0	0	0	0	0	0	0	0	0	1	1	1	0	1	1	1
C288:UHM1073.23039_R.bin.125|k141_32380_56	C288			yes	pairwise		UHM1210.23070_R.bin.101|k141_692359_55 (6)	369		6/6	0/8	8/8		Methyltransf_28,SCO0607	Pfam	Methyltransf_28,SCO0607	1	1	1	1	1	1	0	0	0	0	0	0	0	0	1	1	1	1	1	1	1	1
C288:UHM1073.23039_R.bin.125|k141_327978_26	C288			yes	pairwise		EHM034692|EHA02331_bin.15_gene_286_3 (6)	249		6/6	0/8	1/8		Amo1_N,Class_IIIsignal,DUF3244,DUF4381,DUF6080,EMC3_TMCO1,F5_F8_type_C,F5_F8_type_C_2,FUT8_N_cat,Phage_Y01A,Spore_III_AF	Pfam	Amo1_N,Class_IIIsignal,DUF3244,DUF4381,DUF6080,EMC3_TMCO1,F5_F8_type_C,F5_F8_type_C_2,FUT8_N_cat,Phage_Y01A,Spore_III_AF	1	1	1	1	1	1	0	0	0	0	0	0	0	0	0	0	0	0	0	1	0	0
C288:UHM1073.23039_R.bin.125|k141_333189_17	C288			yes	pairwise		EHM034674|EHA02355_bin.24_gene_23_3 (5)	396		6/6	0/8	4/8		CD1107-like,DUF3149,ETRAMP,Orf78,WD40_2	Pfam	CD1107-like,DUF3149,ETRAMP,Orf78,WD40_2	1	1	1	1	1	1	0	0	0	0	0	0	0	0	1	1	0	0	1	1	0	0
C288:UHM1073.23039_R.bin.125|k141_392367_29	C288			yes	pairwise		STP248.12601_R.bin.118|k141_962093_34 (6)	413		6/6	0/8	0/8					1	1	1	1	1	1	0	0	0	0	0	0	0	0	0	0	0	0	0	0	0	0
C288:UHM1073.23039_R.bin.125|k141_392367_30	C288			yes	pairwise		UHM1210.23070_R.bin.101|k141_1135903_47 (5)	235		6/6	0/8	0/8		TP_methylase	Pfam	TP_methylase	1	1	1	1	1	1	0	0	0	0	0	0	0	0	0	0	0	0	0	0	0	0
C288:UHM1073.23039_R.bin.125|k141_392367_34	C288			yes	pairwise		EHM034720|EHA02359_bin.2_gene_202_2 (5)	187		6/6	0/8	3/8		DNA_pol_A_exo1,RNase_H_2,RNase_T,Rv2179c-like	Pfam	DNA_pol_A_exo1,RNase_H_2,RNase_T,Rv2179c-like	1	1	1	1	1	1	0	0	0	0	0	0	0	0	0	1	0	1	0	0	0	1
C288:UHM1073.23039_R.bin.125|k141_405036_4	C288			yes	pairwise		STP248.12601_R.bin.118|k141_588353_61 (5)	298		6/6	0/8	8/8					1	1	1	1	1	1	0	0	0	0	0	0	0	0	1	1	1	1	1	1	1	1
C288:UHM1073.23039_R.bin.125|k141_471956_3	C288			yes	pairwise		UHM1073.23039_R.bin.125|k141_471956_3 (5)	187		6/6	0/8	8/8		Cupredoxin_1,DUF1573,DUF4493,HYDIN_VesB_CFA65-like_Ig	Pfam	Cupredoxin_1,DUF1573,DUF4493,HYDIN_VesB_CFA65-like_Ig	1	1	1	1	1	1	0	0	0	0	0	0	0	0	1	1	1	1	1	1	1	1
C288:UHM1073.23039_R.bin.125|k141_490033_101	C288			yes	pairwise		EHM034720|EHA02359_bin.2_gene_57_3 (6)	151		6/6	0/8	0/8		GAF,GAF_2,GAF_EFCB5_2nd	Pfam	GAF,GAF_2,GAF_EFCB5_2nd	1	1	1	1	1	1	0	0	0	0	0	0	0	0	0	0	0	0	0	0	0	0
C288:UHM1073.23039_R.bin.125|k141_490033_108	C288			yes	pairwise		UHM1210.23070_R.bin.101|k141_1343831_35 (4)	216		6/6	0/8	6/8		DUF6893,LysE,RRN9	Pfam	DUF6893,LysE,RRN9	1	1	1	1	1	1	0	0	0	0	0	0	0	0	1	0	1	1	1	1	1	0
C288:UHM1073.23039_R.bin.125|k141_490033_159	C288			yes	pairwise		EHM034692|EHA02331_bin.15_gene_166_5 (6)	262		6/6	0/8	8/8		Raptor_N,Sel1,TPR_2	Pfam	Raptor_N,Sel1,TPR_2	1	1	1	1	1	1	0	0	0	0	0	0	0	0	1	1	1	1	1	1	1	1
C288:UHM1073.23039_R.bin.125|k141_490033_26	C288			yes	pairwise		STP248.12601_R.bin.118|k141_465240_36 (6)	309		6/6	0/8	0/8		CSD,KOW4_SPT5,NYN,USA1_M	Pfam	CSD,KOW4_SPT5,NYN,USA1_M	1	1	1	1	1	1	0	0	0	0	0	0	0	0	0	0	0	0	0	0	0	0
C288:UHM1073.23039_R.bin.125|k141_490033_6	C288			yes	pairwise		EHM034720|EHA02359_bin.2_gene_94_29 (6)	168		6/6	0/8	1/8					1	1	1	1	1	1	0	0	0	0	0	0	0	0	0	0	0	0	0	1	0	0
C288:UHM1073.23039_R.bin.125|k141_490033_63	C288			yes	pairwise		EHM034692|EHA02331_bin.15_gene_288_5 (4)	305		6/6	0/8	7/8		Lactamase_B,Lactamase_B_2,Lactamase_B_3	Pfam	Lactamase_B,Lactamase_B_2,Lactamase_B_3	1	1	1	1	1	1	0	0	0	0	0	0	0	0	1	0	1	1	1	1	1	1
C288:UHM1073.23039_R.bin.125|k141_490033_77	C288			yes	pairwise			292		6/6	0/8	7/8		RDD domain containing protein	ModelOrg_C288	DUF8845,FtsX,GYF_2,OppC_N,RDD,RTA1	1	1	1	1	1	1	0	0	0	0	0	0	0	0	0	1	1	1	1	1	1	1
C288:UHM1073.23039_R.bin.125|k141_515361_38	C288			yes	pairwise		EHM034692|EHA02331_bin.15_gene_55_3 (5)	100		6/6	0/8	0/8		ClpS	Pfam	ClpS	1	1	1	1	1	1	0	0	0	0	0	0	0	0	0	0	0	0	0	0	0	0
C288:UHM1073.23039_R.bin.125|k141_515361_74	C288			yes	pairwise		EHM034720|EHA02359_bin.2_gene_94_28 (4)	315		6/6	0/8	3/8		CDV3,FHA,RAB3GAP2_N,Tt1218-like,Yop-YscD_cpl	Pfam	CDV3,FHA,RAB3GAP2_N,Tt1218-like,Yop-YscD_cpl	1	1	1	1	1	1	0	0	0	0	0	0	0	0	1	1	0	0	0	1	0	0
C288:UHM1073.23039_R.bin.125|k141_516198_45	C288			yes	pairwise		UHM1210.23070_R.bin.101|k141_1142038_15 (6)	137		6/6	0/8	1/8		ExbD,HOATZ-like	Pfam	ExbD,HOATZ-like	1	1	1	1	1	1	0	0	0	0	0	0	0	0	0	0	0	0	0	1	0	0
C288:UHM1073.23039_R.bin.125|k141_516198_46	C288			yes	pairwise		EHM034692|EHA02331_bin.15_gene_278_7 (2)	287		6/6	0/8	7/8		TonB_2,TonB_C	Pfam	TonB_2,TonB_C	1	1	1	1	1	1	0	0	0	0	0	0	0	0	1	1	0	1	1	1	1	1
C288:UHM1073.23039_R.bin.125|k141_58351_43	C288			yes	pairwise		UHM1210.23070_R.bin.101|k141_35550_25 (6)	150		6/6	0/8	0/8					1	1	1	1	1	1	0	0	0	0	0	0	0	0	0	0	0	0	0	0	0	0
C288:UHM1073.23039_R.bin.125|k141_58351_77	C288			yes	pairwise		EHM034692|EHA02331_bin.15_gene_284_13 (5)	124		6/6	0/8	7/8		Apolipoprotein,ArfB,DUF883_C,LEA_4,YtxH	Pfam	Apolipoprotein,ArfB,DUF883_C,LEA_4,YtxH	1	1	1	1	1	1	0	0	0	0	0	0	0	0	1	1	1	1	1	1	1	0
C288:UHM1073.23039_R.bin.125|k141_624127_20	C288			yes	pairwise		EHM034720|EHA02359_bin.2_gene_12_8 (5)	278		6/6	0/8	3/8		DUF1003,Fig1,Imm17	Pfam	DUF1003,Fig1,Imm17	1	1	1	1	1	1	0	0	0	0	0	0	0	0	1	0	0	1	0	1	0	0
C288:UHM1073.23039_R.bin.125|k141_624127_40	C288			yes	pairwise		EHM034674|EHA02355_bin.24_gene_233_4 (3)	213		6/6	0/8	7/8		DZR,DZR_2,TPM_phosphatase,UPF0547,zf-Mss51,Zn_ribbon_15,Zn_ribbon_3	Pfam	DZR,DZR_2,TPM_phosphatase,UPF0547,zf-Mss51,Zn_ribbon_15,Zn_ribbon_3	1	1	1	1	1	1	0	0	0	0	0	0	0	0	0	1	1	1	1	1	1	1
C288:UHM1073.23039_R.bin.125|k141_624127_49	C288			yes	pairwise		EHM034674|EHA02355_bin.24_gene_303_4 (3)	562		6/6	0/8	1/8		DUF8389,Hfq_1	Pfam	DUF8389,Hfq_1	1	1	1	1	1	1	0	0	0	0	0	0	0	0	0	1	0	0	0	0	0	0
C288:UHM1073.23039_R.bin.125|k141_624127_59	C288			yes	pairwise		EHM034692|EHA02331_bin.15_gene_252_3 (2)	393		6/6	0/8	4/8		A1_Propeptide,Allatotropin-like_C,Arc_PepC_II,Arg_decarbox_C,DUF1180,DUF5320,EF-hand_1,EF-hand_5,EF-hand_6,EF-hand_7,EF-hand_8,FCaBP_EF-hand,HBS1_N,SPARC_Ca_bdg,SPM,TetR_C_24	Pfam	A1_Propeptide,Allatotropin-like_C,Arc_PepC_II,Arg_decarbox_C,DUF1180,DUF5320,EF-hand_1,EF-hand_5,EF-hand_6,EF-hand_7,EF-hand_8,FCaBP_EF-hand,HBS1_N,SPARC_Ca_bdg,SPM,TetR_C_24	1	1	1	1	1	1	0	0	0	0	0	0	0	0	1	1	0	0	1	1	0	0
C294:UHM1210.23070_R.bin.101|k141_1015956_9	C294			yes	pairwise			371		6/6	0/8	8/8		Alanine racemase	ModelOrg_C294	Ala_racemase_C,Ala_racemase_N,DUF222,PhrA_inhibitor	1	1	1	1	1	1	0	0	0	0	0	0	0	0	1	1	1	1	1	1	1	1
C294:UHM1210.23070_R.bin.101|k141_1066781_14	C294			yes	pairwise		STP248.12601_R.bin.118|k141_465240_36 (6)	318		6/6	0/8	0/8		CSD,NYN,USA1_M	Pfam	CSD,NYN,USA1_M	1	1	1	1	1	1	0	0	0	0	0	0	0	0	0	0	0	0	0	0	0	0
C294:UHM1210.23070_R.bin.101|k141_1066781_25	C294			yes	pairwise		EHM034720|EHA02359_bin.2_gene_184_8 (6)	572		6/6	0/8	1/8		SnoaL_2,SnoaL_3,TRADD-like_N	Pfam	SnoaL_2,SnoaL_3,TRADD-like_N	1	1	1	1	1	1	0	0	0	0	0	0	0	0	0	0	1	0	0	0	0	0
C294:UHM1210.23070_R.bin.101|k141_1066781_73	C294			yes	pairwise		EHM034720|EHA02359_bin.2_gene_57_3 (6)	182		6/6	0/8	0/8		DZR_2,GAF_2,GAF_EFCB5_2nd	Pfam	DZR_2,GAF_2,GAF_EFCB5_2nd	1	1	1	1	1	1	0	0	0	0	0	0	0	0	0	0	0	0	0	0	0	0
C294:UHM1210.23070_R.bin.101|k141_1066781_95	C294			yes	pairwise		STP248.12601_R.bin.118|k141_962093_11 (3)	321		6/6	0/8	8/8		DUF2490,DUF6268	Pfam	DUF2490,DUF6268	1	1	1	1	1	1	0	0	0	0	0	0	0	0	1	1	1	1	1	1	1	1
C294:UHM1210.23070_R.bin.101|k141_1135903_46	C294			yes	pairwise		STP248.12601_R.bin.118|k141_962093_34 (6)	407		6/6	0/8	0/8					1	1	1	1	1	1	0	0	0	0	0	0	0	0	0	0	0	0	0	0	0	0
C294:UHM1210.23070_R.bin.101|k141_1135903_47	C294			yes	pairwise		UHM1210.23070_R.bin.101|k141_1135903_47 (5)	235		6/6	0/8	0/8		TP_methylase	Pfam	TP_methylase	1	1	1	1	1	1	0	0	0	0	0	0	0	0	0	0	0	0	0	0	0	0
C294:UHM1210.23070_R.bin.101|k141_1142038_15	C294			yes	pairwise		UHM1210.23070_R.bin.101|k141_1142038_15 (6)	138		6/6	0/8	1/8		ExbD	Pfam	ExbD	1	1	1	1	1	1	0	0	0	0	0	0	0	0	0	0	0	0	0	1	0	0
C294:UHM1210.23070_R.bin.101|k141_1142038_29	C294			yes	pairwise		EHM034692|EHA02331_bin.15_gene_7_5 (2)	133		6/6	0/8	0/8		RIF2_lid	Pfam	RIF2_lid	1	1	1	1	1	1	0	0	0	0	0	0	0	0	0	0	0	0	0	0	0	0
C294:UHM1210.23070_R.bin.101|k141_1142038_32	C294			yes	pairwise		STP248.12601_R.bin.118|k141_483842_37 (12)	491		6/6	0/8	0/8		DUF8130	Pfam	DUF8130	1	1	1	1	1	1	0	0	0	0	0	0	0	0	0	0	0	0	0	0	0	0
C294:UHM1210.23070_R.bin.101|k141_1193549_20	C294			yes	pairwise			213		6/6	0/8	7/8		AAA_23,CENP-M,DUF8458,Flu_PB2_1st,FtsX_ECD,Sigma70_ECF,Sigma70_r2,Sigma70_r4,Sigma70_r4_2	Pfam	AAA_23,CENP-M,DUF8458,Flu_PB2_1st,FtsX_ECD,Sigma70_ECF,Sigma70_r2,Sigma70_r4,Sigma70_r4_2	1	1	1	1	1	1	0	0	0	0	0	0	0	0	1	1	1	1	1	1	0	1
C294:UHM1210.23070_R.bin.101|k141_1193549_22	C294			yes	pairwise		EHM034692|EHA02331_bin.15_gene_166_5 (6)	247		6/6	0/8	8/8		CFAP70_mid_TPR,Sel1	Pfam	CFAP70_mid_TPR,Sel1	1	1	1	1	1	1	0	0	0	0	0	0	0	0	1	1	1	1	1	1	1	1
C294:UHM1210.23070_R.bin.101|k141_1275766_2	C294			yes	pairwise		EHM034692|EHA02331_bin.15_gene_288_5 (4)	307		6/6	0/8	7/8		Lactamase_B,Lactamase_B_2,Lactamase_B_3	Pfam	Lactamase_B,Lactamase_B_2,Lactamase_B_3	1	1	1	1	1	1	0	0	0	0	0	0	0	0	1	0	1	1	1	1	1	1
C294:UHM1210.23070_R.bin.101|k141_1275766_45	C294			yes	pairwise		EHM034674|EHA02355_bin.24_gene_116_2 (2)	1019		6/6	0/8	8/8		Non-specific serine/threonine protein kinase	ModelOrg_C294	Helicase_C,SNF2-rel_dom,SWIM	1	1	1	1	1	1	0	0	0	0	0	0	0	0	1	1	1	1	1	1	1	1
C294:UHM1210.23070_R.bin.101|k141_1275766_87	C294			yes	pairwise			337		6/6	0/8	3/8		Acyl-CoA_dh_2,Asp4,CemA,CWC25,DUF8041,DUF8429,EMC3_TMCO1,FapA,HpsJ,IZUMO,Ly49,Phage_DsbA,SID-1_RNA_chan,SPT_ssu-like,Tetraspanin	Pfam	Acyl-CoA_dh_2,Asp4,CemA,CWC25,DUF8041,DUF8429,EMC3_TMCO1,FapA,HpsJ,IZUMO,Ly49,Phage_DsbA,SID-1_RNA_chan,SPT_ssu-like,Tetraspanin	1	1	1	1	1	1	0	0	0	0	0	0	0	0	0	1	0	0	1	1	0	0
C294:UHM1210.23070_R.bin.101|k141_1318991_144	C294			yes	pairwise			461		6/6	0/8	7/8		Glutamate decarboxylase	ModelOrg_C294	dCache_3,DUF2922,Pyridoxal_deC	1	1	1	1	1	1	0	0	0	0	0	0	0	0	1	1	1	1	1	1	1	0
C294:UHM1210.23070_R.bin.101|k141_1318991_64	C294			yes	pairwise		EHM034674|EHA02355_bin.24_gene_75_8 (5)	199		6/6	0/8	5/8		DUF4522,HTH_11,HTH_17,HTH_23,HTH_28,HTH_29,MerR,Rv2175c_wHTH,Sigma70_r4,Sigma70_r4_2,Xre-like-HTH	Pfam	DUF4522,HTH_11,HTH_17,HTH_23,HTH_28,HTH_29,MerR,Rv2175c_wHTH,Sigma70_r4,Sigma70_r4_2,Xre-like-HTH	1	1	1	1	1	1	0	0	0	0	0	0	0	0	1	0	1	1	1	0	0	1
C294:UHM1210.23070_R.bin.101|k141_1318991_88	C294			yes	pairwise		EHM034720|EHA02359_bin.2_gene_12_8 (5)	278		6/6	0/8	3/8		Bax1-I	Pfam	Bax1-I	1	1	1	1	1	1	0	0	0	0	0	0	0	0	1	0	0	1	0	1	0	0
C294:UHM1210.23070_R.bin.101|k141_1343831_21	C294			yes	pairwise		EHM034720|EHA02359_bin.2_gene_190_8 (13)	844		6/6	0/8	0/8		CARDB,Fn3-like,Glyco_hydro_3,Glyco_hydro_3_C,PA14	Pfam	CARDB,Fn3-like,Glyco_hydro_3,Glyco_hydro_3_C,PA14	1	1	1	1	1	1	0	0	0	0	0	0	0	0	0	0	0	0	0	0	0	0
C294:UHM1210.23070_R.bin.101|k141_1343831_35	C294			yes	pairwise		UHM1210.23070_R.bin.101|k141_1343831_35 (4)	204		6/6	0/8	6/8		LysE	Pfam	LysE	1	1	1	1	1	1	0	0	0	0	0	0	0	0	1	0	1	1	1	1	1	0
C294:UHM1210.23070_R.bin.101|k141_35550_13	C294			yes	pairwise			171		6/6	0/8	4/8		Peptidoglycan-binding LysM	ModelOrg_C294	CCDC106,CDK5_activator,DUF3671,DUF4614,DUF4834,DUF8440,Hid1,Lin-8,LysM,LysM3_LYK4_5,Macoilin,Neur_chan_memb,PFF1_TM,PGA28-like_dom,Presenilin,RAP1,SR-25,SSY5_N,Zip	1	1	1	1	1	1	0	0	0	0	0	0	0	0	0	1	0	1	1	1	0	0
C294:UHM1210.23070_R.bin.101|k141_35550_134	C294			yes	pairwise		UHM1210.23070_R.bin.101|k141_35550_134 (3)	340		6/6	0/8	5/8		Cohesin_load,TPR_2	Pfam	Cohesin_load,TPR_2	1	1	1	1	1	1	0	0	0	0	0	0	0	0	1	1	0	0	1	1	0	1
C294:UHM1210.23070_R.bin.101|k141_35550_25	C294			yes	pairwise		UHM1210.23070_R.bin.101|k141_35550_25 (6)	154		6/6	0/8	0/8		Hydrophobin_like	Pfam	Hydrophobin_like	1	1	1	1	1	1	0	0	0	0	0	0	0	0	0	0	0	0	0	0	0	0
C294:UHM1210.23070_R.bin.101|k141_35550_82	C294			yes	pairwise		UHM1073.23039_R.bin.125|k141_471956_3 (5)	232		6/6	0/8	8/8		DUF1573 domain-containing protein	ModelOrg_C294	DUF1573,DUF8792	1	1	1	1	1	1	0	0	0	0	0	0	0	0	1	1	1	1	1	1	1	1
C294:UHM1210.23070_R.bin.101|k141_44701_26	C294			yes	pairwise		UHM1210.23070_R.bin.101|k141_44701_26 (2)	447		6/6	0/8	4/8		Ctr,DUF6958,TPR_6	Pfam	Ctr,DUF6958,TPR_6	1	1	1	1	1	1	0	0	0	0	0	0	0	0	1	1	0	0	1	1	0	0
C294:UHM1210.23070_R.bin.101|k141_604287_23	C294			yes	pairwise		UHM1210.23070_R.bin.101|k141_604287_23 (2)	245		6/6	0/8	2/8		Amastin,Cytochrom_C_asm,DUF3810,TMEM98_N	Pfam	Amastin,Cytochrom_C_asm,DUF3810,TMEM98_N	1	1	1	1	1	1	0	0	0	0	0	0	0	0	0	1	0	0	0	1	0	0
C294:UHM1210.23070_R.bin.101|k141_692359_18	C294			yes	pairwise		EHM034692|EHA02331_bin.15_gene_284_13 (5)	129		6/6	0/8	7/8		Apolipoprotein,ArfB,DUF883_C,LapA_dom,NSP2-B_epitope,YtxH	Pfam	Apolipoprotein,ArfB,DUF883_C,LapA_dom,NSP2-B_epitope,YtxH	1	1	1	1	1	1	0	0	0	0	0	0	0	0	1	1	1	1	1	1	1	0
C294:UHM1210.23070_R.bin.101|k141_692359_55	C294			yes	pairwise		UHM1210.23070_R.bin.101|k141_692359_55 (6)	358		6/6	0/8	8/8		Methyltransf_28	Pfam	Methyltransf_28	1	1	1	1	1	1	0	0	0	0	0	0	0	0	1	1	1	1	1	1	1	1
C294:UHM1210.23070_R.bin.101|k141_692359_59	C294			yes	pairwise		EHM034720|EHA02359_bin.2_gene_94_29 (6)	158		6/6	0/8	1/8					1	1	1	1	1	1	0	0	0	0	0	0	0	0	0	0	0	0	0	1	0	0
C294:UHM1210.23070_R.bin.101|k141_754643_3	C294			yes	pairwise			562		6/6	0/8	3/8		Cytochrome c domain-containing protein	ModelOrg_C294	Cytochrome_C7,Cytochrome_CBB3,Cytochrom_C,Cytochrom_C550	1	1	1	1	1	1	0	0	0	0	0	0	0	0	1	1	1	0	0	0	0	0
C294:UHM1210.23070_R.bin.101|k141_754643_7	C294			yes	pairwise		STP248.12601_R.bin.118|k141_129934_107 (2)	226		6/6	0/8	2/8		Cytochrome_CBB3,Cytochrom_C	Pfam	Cytochrome_CBB3,Cytochrom_C	1	1	1	1	1	1	0	0	0	0	0	0	0	0	1	1	0	0	0	0	0	0
C294:UHM1210.23070_R.bin.101|k141_754643_9	C294			yes	pairwise			178		6/6	0/8	7/8		AhpC-TSA,DUF8634,Glutaredoxin,PGAP4,Phosducin,Thioredoxin,Thioredoxin_2,Thioredoxin_3,Thioredoxin_4,Thioredoxin_7,Thioredoxin_8,TraF	Pfam	AhpC-TSA,DUF8634,Glutaredoxin,PGAP4,Phosducin,Thioredoxin,Thioredoxin_2,Thioredoxin_3,Thioredoxin_4,Thioredoxin_7,Thioredoxin_8,TraF	1	1	1	1	1	1	0	0	0	0	0	0	0	0	0	1	1	1	1	1	1	1
C294:UHM1210.23070_R.bin.101|k141_770993_56	C294			yes	pairwise			231		6/6	0/8	4/8		Conserved hypothetical integral membrane protein	ModelOrg_C294	Deltameth_res,DUF4133,TMEM164	1	1	1	1	1	1	0	0	0	0	0	0	0	0	0	1	1	1	0	0	0	1
C294:UHM1210.23070_R.bin.101|k141_829398_1	C294			yes	pairwise			42		6/6	0/8	5/8					1	1	1	1	1	1	0	0	0	0	0	0	0	0	1	0	0	1	0	1	1	1
C294:UHM1210.23070_R.bin.101|k141_830199_21	C294			yes	pairwise			151		6/6	0/8	7/8		Usp	Pfam	Usp	1	1	1	1	1	1	0	0	0	0	0	0	0	0	1	1	1	1	1	1	0	1
C294:UHM1210.23070_R.bin.101|k141_830199_3	C294			yes	pairwise		STP248.12601_R.bin.118|k141_923502_55 (6)	240		6/6	0/8	0/8		Cytidylate_kin2	Pfam	Cytidylate_kin2	1	1	1	1	1	1	0	0	0	0	0	0	0	0	0	0	0	0	0	0	0	0
C294:UHM1210.23070_R.bin.101|k141_968682_12	C294			yes	pairwise		UHM1073.23039_R.bin.125|k141_197029_78 (6)	241		6/6	0/8	0/8					1	1	1	1	1	1	0	0	0	0	0	0	0	0	0	0	0	0	0	0	0	0
C294:UHM1210.23070_R.bin.101|k141_971217_7	C294			yes	pairwise		EHM034692|EHA02331_bin.15_gene_113_5 (6)	382		6/6	0/8	1/8		LDcluster4,Lysine_decarbox	Pfam	LDcluster4,Lysine_decarbox	1	1	1	1	1	1	0	0	0	0	0	0	0	0	0	1	0	0	0	0	0	0
C294:UHM1210.23070_R.bin.101|k141_983138_34	C294			yes	pairwise		EHM034692|EHA02331_bin.15_gene_55_3 (5)	112		6/6	0/8	0/8		ClpS,TPR_TEX10	Pfam	ClpS,TPR_TEX10	1	1	1	1	1	1	0	0	0	0	0	0	0	0	0	0	0	0	0	0	0	0
C294:UHM1210.23070_R.bin.101|k141_993103_46	C294			yes	pairwise		EHM034720|EHA02359_bin.2_gene_220_29 (2)	677		6/6	0/8	2/8		CMV_1a,GAP45,HEAT_2,HEAT_spiro,PaaX-like_Fer-like	Pfam	CMV_1a,GAP45,HEAT_2,HEAT_spiro,PaaX-like_Fer-like	1	1	1	1	1	1	0	0	0	0	0	0	0	0	1	0	0	0	0	1	0	0
C294:UHM1210.23070_R.bin.101|k141_993103_66	C294			yes	pairwise			206		6/6	0/8	8/8		YkuD	Pfam	YkuD	1	1	1	1	1	1	0	0	0	0	0	0	0	0	1	1	1	1	1	1	1	1
C289:EHM034674|EHA02355_bin.24_gene_100_2	C289			yes	pairwise		EHM034674|EHA02355_bin.24_gene_100_2 (4)	372		5/6	0/8	0/8		Sialate O-acetylesterase domain-containing protein	ModelOrg_C289	ATG30_helical,SASA	1	1	1	1	0	1	0	0	0	0	0	0	0	0	0	0	0	0	0	0	0	0
C289:EHM034674|EHA02355_bin.24_gene_114_2	C289			yes	pairwise		EHM034692|EHA02331_bin.15_gene_219_2 (5)	426		5/6	0/8	0/8		CD34_antigen	Pfam	CD34_antigen	1	1	1	1	0	1	0	0	0	0	0	0	0	0	0	0	0	0	0	0	0	0
C289:EHM034674|EHA02355_bin.24_gene_114_3	C289			yes	pairwise		EHM034674|EHA02355_bin.24_gene_114_3 (5)	315		5/6	0/8	0/8		T2SSK_1st	Pfam	T2SSK_1st	1	1	1	1	0	1	0	0	0	0	0	0	0	0	0	0	0	0	0	0	0	0
C289:EHM034674|EHA02355_bin.24_gene_114_4	C289			yes	pairwise		STP248.12601_R.bin.118|k141_540405_52 (5)	299		5/6	0/8	0/8		N_methyl,Sigma_reg_N	Pfam	N_methyl,Sigma_reg_N	1	1	1	1	0	1	0	0	0	0	0	0	0	0	0	0	0	0	0	0	0	0
C289:EHM034674|EHA02355_bin.24_gene_114_5	C289			yes	pairwise		STP248.12601_R.bin.118|k141_540405_51 (5)	160		5/6	0/8	0/8					1	1	1	1	0	1	0	0	0	0	0	0	0	0	0	0	0	0	0	0	0	0
C289:EHM034674|EHA02355_bin.24_gene_114_6	C289			yes	pairwise		EHM034674|EHA02355_bin.24_gene_114_6 (5)	160		5/6	0/8	0/8		LidA_Long_CC,SPAR	Pfam	LidA_Long_CC,SPAR	1	1	1	1	0	1	0	0	0	0	0	0	0	0	0	0	0	0	0	0	0	0
C289:EHM034674|EHA02355_bin.24_gene_114_7	C289			yes	pairwise		EHM034674|EHA02355_bin.24_gene_114_7 (3)	148		5/6	0/8	0/8		N_methyl,T2SSG	Pfam	N_methyl,T2SSG	1	1	1	1	0	1	0	0	0	0	0	0	0	0	0	0	0	0	0	0	0	0
C289:EHM034674|EHA02355_bin.24_gene_116_3	C289			yes	pairwise		EHM034720|EHA02359_bin.2_gene_247_4 (5)	311		5/6	0/8	0/8					1	1	1	1	0	1	0	0	0	0	0	0	0	0	0	0	0	0	0	0	0	0
C289:EHM034674|EHA02355_bin.24_gene_117_2	C289			yes	pairwise		EHM034674|EHA02355_bin.24_gene_117_2 (2)	489		5/6	0/8	8/8		Sulfatase	ModelOrg_C289	DUF229,Metalloenzyme,Phosphodiest,SGSH_C,Sulfatase	1	1	1	1	0	1	0	0	0	0	0	0	0	0	1	1	1	1	1	1	1	1
C289:EHM034674|EHA02355_bin.24_gene_119_13	C289			yes	pairwise		UHM1210.23070_R.bin.101|k141_1015956_32 (5)	289		5/6	0/8	0/8		DUF6113,Form_Nir_trans	Pfam	DUF6113,Form_Nir_trans	0	1	1	1	1	1	0	0	0	0	0	0	0	0	0	0	0	0	0	0	0	0
C289:EHM034674|EHA02355_bin.24_gene_119_6	C289			yes	pairwise		UHM1210.23070_R.bin.101|k141_102944_12 (5)	215		5/6	0/8	2/8		LacI,TetR_C_2,TetR_N	Pfam	LacI,TetR_C_2,TetR_N	0	1	1	1	1	1	0	0	0	0	0	0	0	0	1	0	0	0	0	0	0	1
C289:EHM034674|EHA02355_bin.24_gene_131_12	C289			yes	pairwise		EHM034692|EHA02331_bin.15_gene_166_2 (5)	475		5/6	0/8	0/8		2-Hacid_dh_C,6PGD,DUF7280,NAD_binding_11,NAD_binding_2	Pfam	2-Hacid_dh_C,6PGD,DUF7280,NAD_binding_11,NAD_binding_2	1	1	1	1	1	0	0	0	0	0	0	0	0	0	0	0	0	0	0	0	0	0
C289:EHM034674|EHA02355_bin.24_gene_131_14	C289			yes	pairwise		EHM034674|EHA02355_bin.24_gene_131_14 (4)	256		5/6	0/8	0/8		7TM_GPCR_Sra,Med21,MSP1a	Pfam	7TM_GPCR_Sra,Med21,MSP1a	1	1	1	1	0	1	0	0	0	0	0	0	0	0	0	0	0	0	0	0	0	0
C289:EHM034674|EHA02355_bin.24_gene_146_2	C289			yes	pairwise			922		5/6	0/8	6/8		Autotransporter,Chlam_PMP	Pfam	Autotransporter,Chlam_PMP	0	1	1	1	1	1	0	0	0	0	0	0	0	0	1	1	1	1	1	1	0	0
C289:EHM034674|EHA02355_bin.24_gene_153_6	C289			yes	pairwise		EHM034692|EHA02331_bin.15_gene_55_33 (5)	175		5/6	0/8	8/8		HTH_16,Sel1,Ta0938,TPR_27,TPR_6,VIT	Pfam	HTH_16,Sel1,Ta0938,TPR_27,TPR_6,VIT	1	1	1	1	1	0	0	0	0	0	0	0	0	0	1	1	1	1	1	1	1	1
C289:EHM034674|EHA02355_bin.24_gene_156_1	C289			yes	pairwise			30		5/6	0/8	0/8		Xaa-Pro aminopeptidase	ModelOrg_C289		0	1	1	1	1	1	0	0	0	0	0	0	0	0	0	0	0	0	0	0	0	0
C289:EHM034674|EHA02355_bin.24_gene_156_7	C289			yes	pairwise		EHM034674|EHA02355_bin.24_gene_156_7 (7)	453		5/6	0/8	0/8		DUF6241,RPAP1_N	Pfam	DUF6241,RPAP1_N	1	1	1	1	0	1	0	0	0	0	0	0	0	0	0	0	0	0	0	0	0	0
C289:EHM034674|EHA02355_bin.24_gene_158_6	C289			yes	pairwise		EHM034720|EHA02359_bin.2_gene_122_1 (4)	248		5/6	0/8	0/8		Endonuclease/exonuclease/phosphatase	ModelOrg_C289	Exo_endo_phos,Exo_endo_phos_2,Exo_endo_phos_PGAP2IP,HTH_CodY	1	1	1	1	0	1	0	0	0	0	0	0	0	0	0	0	0	0	0	0	0	0
C289:EHM034674|EHA02355_bin.24_gene_161_4	C289			yes	pairwise		UHM1210.23070_R.bin.101|k141_35550_100 (5)	194		5/6	0/8	0/8		AhpC-TSA,Redoxin,Thioredoxin_2,Thioredoxin_8	Pfam	AhpC-TSA,Redoxin,Thioredoxin_2,Thioredoxin_8	1	1	1	1	1	0	0	0	0	0	0	0	0	0	0	0	0	0	0	0	0	0
C289:EHM034674|EHA02355_bin.24_gene_173_9	C289			yes	pairwise		UHM1210.23070_R.bin.101|k141_1014015_36 (5)	196		5/6	0/8	0/8		HAD_2,Hydrolase,Hydrolase_like	Pfam	HAD_2,Hydrolase,Hydrolase_like	1	1	1	1	1	0	0	0	0	0	0	0	0	0	0	0	0	0	0	0	0	0
C289:EHM034674|EHA02355_bin.24_gene_176_12	C289			yes	pairwise		EHM034720|EHA02359_bin.2_gene_190_8 (13)	746		5/6	0/8	0/8		Fn3-like,Glyco_hydro_3,Glyco_hydro_3_C,hnRNP_Q_AcD,Lipase_GDSL_lke	Pfam	Fn3-like,Glyco_hydro_3,Glyco_hydro_3_C,hnRNP_Q_AcD,Lipase_GDSL_lke	0	1	1	1	1	1	0	0	0	0	0	0	0	0	0	0	0	0	0	0	0	0
C289:EHM034674|EHA02355_bin.24_gene_177_17	C289			yes	pairwise		EHM034692|EHA02331_bin.15_gene_246_2 (5)	337		5/6	0/8	0/8		URO-D	Pfam	URO-D	1	1	1	1	0	1	0	0	0	0	0	0	0	0	0	0	0	0	0	0	0	0
C289:EHM034674|EHA02355_bin.24_gene_177_18	C289			yes	pairwise		STP248.12601_R.bin.118|k141_540405_79 (4)	251		5/6	0/8	2/8		Met_synt_B12	Pfam	Met_synt_B12	1	1	1	1	0	1	0	0	0	0	0	0	0	0	0	0	0	0	1	1	0	0
C289:EHM034674|EHA02355_bin.24_gene_177_9	C289			yes	pairwise			215		5/6	0/8	1/8		Laminin_G_1,Laminin_G_2,Laminin_G_3,pulA_all-beta,Toxin_R_bind_N	Pfam	Laminin_G_1,Laminin_G_2,Laminin_G_3,pulA_all-beta,Toxin_R_bind_N	1	1	1	1	0	1	0	0	0	0	0	0	0	0	0	0	0	0	0	0	1	0
C289:EHM034674|EHA02355_bin.24_gene_183_5	C289			yes	pairwise		STP248.12601_R.bin.118|k141_540405_48 (4)	335		5/6	0/8	0/8		Gln-synt_C,Gln-synt_N	Pfam	Gln-synt_C,Gln-synt_N	1	1	1	1	0	1	0	0	0	0	0	0	0	0	0	0	0	0	0	0	0	0
C289:EHM034674|EHA02355_bin.24_gene_186_1	C289			yes	pairwise			1156		5/6	0/8	1/8		PATR	Pfam	PATR	1	1	1	1	0	1	0	0	0	0	0	0	0	0	0	0	0	0	1	0	0	0
C289:EHM034674|EHA02355_bin.24_gene_191_1	C289			yes	pairwise		STP248.12601_R.bin.118|k141_540405_63 (5)	692		5/6	0/8	5/8		OMP_b-brl_3,Plug,TonB_dep_Rec_b-barrel	Pfam	OMP_b-brl_3,Plug,TonB_dep_Rec_b-barrel	1	1	1	1	0	1	0	0	0	0	0	0	0	0	1	0	1	1	1	1	0	0
C289:EHM034674|EHA02355_bin.24_gene_193_5	C289			yes	pairwise			137		5/6	0/8	0/8					1	1	1	1	0	1	0	0	0	0	0	0	0	0	0	0	0	0	0	0	0	0
C289:EHM034674|EHA02355_bin.24_gene_194_2	C289			yes	pairwise		EHM034692|EHA02331_bin.15_gene_156_10 (5)	217		5/6	0/8	3/8					1	1	1	1	0	1	0	0	0	0	0	0	0	0	1	1	0	0	1	0	0	0
C289:EHM034674|EHA02355_bin.24_gene_202_2	C289			yes	pairwise		EHM034720|EHA02359_bin.2_gene_152_8 (5)	669		5/6	0/8	0/8		Endotoxin_C2,HEAT_Nup120	Pfam	Endotoxin_C2,HEAT_Nup120	1	1	1	1	0	1	0	0	0	0	0	0	0	0	0	0	0	0	0	0	0	0
C289:EHM034674|EHA02355_bin.24_gene_207_1	C289			yes	pairwise			173		5/6	0/8	2/8		Peptidase M60 domain-containing protein	ModelOrg_C289		1	1	1	1	0	1	0	0	0	0	0	0	0	0	0	1	0	0	1	0	0	0
C289:EHM034674|EHA02355_bin.24_gene_209_20	C289			yes	pairwise			315		5/6	0/8	0/8		DUF294,GlnD_UR_UTase,GlnE,NTP_transf_2	Pfam	DUF294,GlnD_UR_UTase,GlnE,NTP_transf_2	1	1	1	1	0	1	0	0	0	0	0	0	0	0	0	0	0	0	0	0	0	0
C289:EHM034674|EHA02355_bin.24_gene_214_7	C289			yes	pairwise		STP248.12601_R.bin.118|k141_417709_118 (5)	139		5/6	0/8	2/8	fluC	Fluoride-specific ion channel FluC	ModelOrg_C289	CRCB	1	1	1	1	0	1	0	0	0	0	0	0	0	0	1	0	0	0	1	0	0	0
C289:EHM034674|EHA02355_bin.24_gene_220_1	C289			yes	pairwise			1660		5/6	0/8	1/8		CarS-like,Glucodextran_B,LlgE_F_G_D1,PATR	Pfam	CarS-like,Glucodextran_B,LlgE_F_G_D1,PATR	1	1	1	1	0	1	0	0	0	0	0	0	0	0	1	0	0	0	0	0	0	0
C289:EHM034674|EHA02355_bin.24_gene_222_2	C289			yes	pairwise		EHM034720|EHA02359_bin.2_gene_254_20 (5)	125		5/6	0/8	0/8		DEXQc_Suv3,Glyco_hydro_94,Oleosin	Pfam	DEXQc_Suv3,Glyco_hydro_94,Oleosin	1	1	1	1	1	0	0	0	0	0	0	0	0	0	0	0	0	0	0	0	0	0
C289:EHM034674|EHA02355_bin.24_gene_227_4	C289			yes	pairwise		EHM034692|EHA02331_bin.15_gene_229_5 (5)	281		5/6	0/8	0/8		DUF5621,KduI,VIT	Pfam	DUF5621,KduI,VIT	0	1	1	1	1	1	0	0	0	0	0	0	0	0	0	0	0	0	0	0	0	0
C289:EHM034674|EHA02355_bin.24_gene_227_5	C289			yes	pairwise		EHM034692|EHA02331_bin.15_gene_229_4 (4)	266		5/6	0/8	8/8		Uncharacterized oxidoreductase YghA	ModelOrg_C289	adh_short,adh_short_C2,DUF1776,Eno-Rase_NADH_b,KR,Peripla_BP_4,SDR,THF_DHG_CYH_C	0	1	1	1	1	1	0	0	0	0	0	0	0	0	1	1	1	1	1	1	1	1
C289:EHM034674|EHA02355_bin.24_gene_236_3	C289			yes	pairwise			433		5/6	0/8	5/8		Beta-galactosidase	ModelOrg_C289	BetaGal_ABD_1,DUF4434,Glyco_hydro_35,Glyco_hydro_42	1	1	1	1	0	1	0	0	0	0	0	0	0	0	0	0	1	1	1	1	0	1
C289:EHM034674|EHA02355_bin.24_gene_23_2	C289			yes	pairwise		EHM034674|EHA02355_bin.24_gene_23_2 (2)	136		5/6	0/8	2/8		PEGA	Pfam	PEGA	1	1	1	1	0	1	0	0	0	0	0	0	0	0	0	0	0	1	0	0	0	1
C289:EHM034674|EHA02355_bin.24_gene_242_3	C289			yes	pairwise		EHM034674|EHA02355_bin.24_gene_242_3 (3)	159		5/6	0/8	0/8		Cyclophil_like,Cyclophil_like2	Pfam	Cyclophil_like,Cyclophil_like2	1	1	1	1	0	1	0	0	0	0	0	0	0	0	0	0	0	0	0	0	0	0
C289:EHM034674|EHA02355_bin.24_gene_251_1	C289			yes	pairwise			130		5/6	0/8	8/8		Pyridoxamine 5'-phosphate oxidase	ModelOrg_C289	PNPOx_N,Pyridox_oxase_2,Pyrid_ox_like	1	0	1	1	1	1	0	0	0	0	0	0	0	0	1	1	1	1	1	1	1	1
C289:EHM034674|EHA02355_bin.24_gene_251_4	C289			yes	pairwise		UHM1210.23070_R.bin.101|k141_692359_19 (5)	147		5/6	0/8	0/8		DUF4149,Phage_holin_3_6	Pfam	DUF4149,Phage_holin_3_6	1	1	1	1	1	0	0	0	0	0	0	0	0	0	0	0	0	0	0	0	0	0
C289:EHM034674|EHA02355_bin.24_gene_253_19	C289			yes	pairwise		STP248.12601_R.bin.118|k141_483842_37 (12)	491		5/6	0/8	0/8		ABC_transp_aux,DUF2194,DUF4350,DUF7408,IFT52_GIFT	Pfam	ABC_transp_aux,DUF2194,DUF4350,DUF7408,IFT52_GIFT	0	1	1	1	1	1	0	0	0	0	0	0	0	0	0	0	0	0	0	0	0	0
C289:EHM034674|EHA02355_bin.24_gene_253_3	C289			yes	pairwise		EHM034692|EHA02331_bin.15_gene_179_2 (5)	742		5/6	0/8	0/8		Glycosyl hydrolase family 88	ModelOrg_C289	DUF4861,Glyco_hydro_88	0	1	1	1	1	1	0	0	0	0	0	0	0	0	0	0	0	0	0	0	0	0
C289:EHM034674|EHA02355_bin.24_gene_254_3	C289			yes	pairwise		EHM034692|EHA02331_bin.15_gene_24_26 (3)	355		5/6	0/8	0/8		Glycosyl hydrolase family 88	ModelOrg_C289	Beta-AFase-like_GH127_cat,C5-epim_C,Glyco_hydro_76,Glyco_hydro_88	0	1	1	1	1	1	0	0	0	0	0	0	0	0	0	0	0	0	0	0	0	0
C289:EHM034674|EHA02355_bin.24_gene_259_3	C289			yes	pairwise		EHM034720|EHA02359_bin.2_gene_55_23 (7)	859		5/6	0/8	2/8		Formylglycine-generating enzyme family protein	ModelOrg_C289	Cytochrome_C7,Cytochrome_CBB3,Cytochrom_C,Cytochrom_CIII,FWWh,HZS_alpha,Mtrc-MtrF_II-IV_dom,Paired_CXXCH_1,PD40,Pectate_lyase22,Tricorn_N	0	1	1	1	1	1	0	0	0	0	0	0	0	0	0	0	0	0	1	1	0	0
C289:EHM034674|EHA02355_bin.24_gene_27_1	C289			yes	pairwise			166		5/6	0/8	3/8	cobQ	Cobyric acid synthase	ModelOrg_C289	Aminotran_1_2	0	1	1	1	1	1	0	0	0	0	0	0	0	0	0	0	1	0	0	0	1	1
C289:EHM034674|EHA02355_bin.24_gene_282_5	C289			yes	pairwise		EHM034692|EHA02331_bin.15_gene_214_14 (3)	150		5/6	0/8	7/8		ExbD	Pfam	ExbD	1	1	1	1	1	0	0	0	0	0	0	0	0	0	1	1	0	1	1	1	1	1
C289:EHM034674|EHA02355_bin.24_gene_294_3	C289			yes	pairwise			1687		5/6	0/8	6/8		Outer membrane autotransporter barrel domain protein	ModelOrg_C289	Autotransporter,Gp138_C,VacA_C	1	1	1	1	0	1	0	0	0	0	0	0	0	0	1	0	0	1	1	1	1	1
C289:EHM034674|EHA02355_bin.24_gene_296_14	C289			yes	pairwise		STP248.12601_R.bin.118|k141_962093_4 (4)	952		5/6	0/8	0/8		AP_endonuc_2,DUF1349,Glyco_hydro_36N,Glyco_hydro_97	Pfam	AP_endonuc_2,DUF1349,Glyco_hydro_36N,Glyco_hydro_97	1	1	1	1	0	1	0	0	0	0	0	0	0	0	0	0	0	0	0	0	0	0
C289:EHM034674|EHA02355_bin.24_gene_29_1	C289			yes	pairwise			536		5/6	0/8	8/8		UvrABC system protein A	ModelOrg_C289	AAA_15,AAA_21,AAA_25,AAA_29,ABC_tran,BCA_ABC_TP_C,DUF4796_N,DUF7575,DUF8054_C,DZR,Ogr_Delta,Rad50_zn_hook,SMC_N,UvrA_inter,zf-Di19,zf-Tbcl_FmdE,Zn_ribbon_3,Zn_ribbon_8,Zn_ribbon_ISL3	1	1	1	1	1	0	0	0	0	0	0	0	0	0	1	1	1	1	1	1	1	1
C289:EHM034674|EHA02355_bin.24_gene_302_1	C289			yes	pairwise			3091		5/6	0/8	8/8		FecR,G8,PATR	Pfam	FecR,G8,PATR	0	1	1	1	1	1	0	0	0	0	0	0	0	0	1	1	1	1	1	1	1	1
C289:EHM034674|EHA02355_bin.24_gene_306_2	C289			yes	pairwise		EHM034720|EHA02359_bin.2_gene_156_5 (3)	237		5/6	0/8	4/8		DUF3313,FOL3_C	Pfam	DUF3313,FOL3_C	1	1	1	1	1	0	0	0	0	0	0	0	0	0	1	1	0	0	0	0	1	1
C289:EHM034674|EHA02355_bin.24_gene_312_16	C289			yes	pairwise		EHM034720|EHA02359_bin.2_gene_94_28 (4)	326		5/6	0/8	3/8		FHA,Neisseria_TspB,PepSY_TM,Yop-YscD_cpl	Pfam	FHA,Neisseria_TspB,PepSY_TM,Yop-YscD_cpl	1	1	1	1	1	0	0	0	0	0	0	0	0	0	1	1	0	0	0	1	0	0
C289:EHM034674|EHA02355_bin.24_gene_312_7	C289			yes	pairwise		EHM034692|EHA02331_bin.15_gene_62_26 (5)	376		5/6	0/8	0/8		Arylesterase,Beta-prop_Rol-3,BT_3535-like,NHL,SGL,SSL_N,TrAA12	Pfam	Arylesterase,Beta-prop_Rol-3,BT_3535-like,NHL,SGL,SSL_N,TrAA12	1	1	1	1	0	1	0	0	0	0	0	0	0	0	0	0	0	0	0	0	0	0
C289:EHM034674|EHA02355_bin.24_gene_318_6	C289			yes	pairwise			601		5/6	0/8	0/8		ACT,ACT_4,ACT_ACR9_3rd,ACT_ACR_D1,bHLH-TF_ACT-like_plant,GlnD_3rd	Pfam	ACT,ACT_4,ACT_ACR9_3rd,ACT_ACR_D1,bHLH-TF_ACT-like_plant,GlnD_3rd	1	1	1	1	0	1	0	0	0	0	0	0	0	0	0	0	0	0	0	0	0	0
C289:EHM034674|EHA02355_bin.24_gene_321_7	C289			yes	pairwise		UHM1073.23039_R.bin.125|k141_327978_140 (5)	176		5/6	0/8	6/8					1	1	1	1	0	1	0	0	0	0	0	0	0	0	1	1	0	1	0	1	1	1
C289:EHM034674|EHA02355_bin.24_gene_324_3	C289			yes	pairwise			229		5/6	0/8	0/8		Adeno_hexon,Asp_protease_2,DUF1905,gag-asp_proteas,PE-PGRS_C,RVP	Pfam	Adeno_hexon,Asp_protease_2,DUF1905,gag-asp_proteas,PE-PGRS_C,RVP	0	1	1	1	1	1	0	0	0	0	0	0	0	0	0	0	0	0	0	0	0	0
C289:EHM034674|EHA02355_bin.24_gene_327_1	C289			yes	pairwise			81		5/6	0/8	4/8		Autotransporter,Phenol_MetA_deg	Pfam	Autotransporter,Phenol_MetA_deg	1	1	1	1	0	1	0	0	0	0	0	0	0	0	1	0	0	0	1	1	1	0
C289:EHM034674|EHA02355_bin.24_gene_345_9	C289			yes	pairwise		EHM034720|EHA02359_bin.2_gene_186_7 (5)	747		5/6	0/8	0/8		BAAT_C,BD-FAE,Beta-prop_THOC3,DLH,DPPIV_N,DUF6385,Esterase,Hydrolase_4,PD40,Peptidase_S15,Peptidase_S9,PKD,Tricorn_N,WD40	Pfam	BAAT_C,BD-FAE,Beta-prop_THOC3,DLH,DPPIV_N,DUF6385,Esterase,Hydrolase_4,PD40,Peptidase_S15,Peptidase_S9,PKD,Tricorn_N,WD40	1	1	1	1	0	1	0	0	0	0	0	0	0	0	0	0	0	0	0	0	0	0
C289:EHM034674|EHA02355_bin.24_gene_347_6	C289			yes	pairwise		EHM034720|EHA02359_bin.2_gene_113_10 (4)	301		5/6	0/8	3/8		BBP1_C,bZIP_2,CEP162_coil_mid,DivIC,DUF6262,Fez1,FlaC_arch,GLV_propep,HTH_Tnp_1,MYCBP_helical,Par-4_C,Rootletin,rSAM_modified_put,WDR18_C,ZapB	Pfam	BBP1_C,bZIP_2,CEP162_coil_mid,DivIC,DUF6262,Fez1,FlaC_arch,GLV_propep,HTH_Tnp_1,MYCBP_helical,Par-4_C,Rootletin,rSAM_modified_put,WDR18_C,ZapB	1	1	1	1	1	0	0	0	0	0	0	0	0	0	1	0	0	0	1	1	0	0
C289:EHM034674|EHA02355_bin.24_gene_34_1	C289			yes	pairwise			331		5/6	0/8	8/8		Peptidase M60 domain-containing protein	ModelOrg_C289	DUF6055,Peptidase_M60	1	1	1	1	0	1	0	0	0	0	0	0	0	0	1	1	1	1	1	1	1	1
C289:EHM034674|EHA02355_bin.24_gene_355_10	C289			yes	pairwise		UHM1210.23070_R.bin.101|k141_44701_65 (5)	328		5/6	0/8	0/8		SGL,Str_synth,Vgb_lyase	Pfam	SGL,Str_synth,Vgb_lyase	1	1	1	1	1	0	0	0	0	0	0	0	0	0	0	0	0	0	0	0	0	0
C289:EHM034674|EHA02355_bin.24_gene_363_1	C289			yes	pairwise			25		5/6	0/8	0/8					1	1	1	1	1	0	0	0	0	0	0	0	0	0	0	0	0	0	0	0	0	0
C289:EHM034674|EHA02355_bin.24_gene_365_4	C289			yes	pairwise		EHM034720|EHA02359_bin.2_gene_46_5 (3)	295		5/6	0/8	0/8		Metalloenzyme,Phosphodiest,SGSH_C,Sulfatase	Pfam	Metalloenzyme,Phosphodiest,SGSH_C,Sulfatase	1	1	1	1	0	1	0	0	0	0	0	0	0	0	0	0	0	0	0	0	0	0
C289:EHM034674|EHA02355_bin.24_gene_36_4	C289			yes	pairwise		EHM034692|EHA02331_bin.15_gene_87_13 (3)	111		5/6	0/8	0/8					1	1	1	1	1	0	0	0	0	0	0	0	0	0	0	0	0	0	0	0	0	0
C289:EHM034674|EHA02355_bin.24_gene_371_2	C289			yes	pairwise		EHM034720|EHA02359_bin.2_gene_150_11 (4)	94		5/6	0/8	4/8		CCDC192,DUF6687,DUF8520,Exonuc_VII_S,KxDL,Rod_CreS	Pfam	CCDC192,DUF6687,DUF8520,Exonuc_VII_S,KxDL,Rod_CreS	1	1	1	1	0	1	0	0	0	0	0	0	0	0	0	1	1	0	1	1	0	0
C289:EHM034674|EHA02355_bin.24_gene_38_3	C289			yes	pairwise			663		5/6	0/8	3/8		PATR	Pfam	PATR	0	1	1	1	1	1	0	0	0	0	0	0	0	0	0	1	1	1	0	0	0	0
C289:EHM034674|EHA02355_bin.24_gene_39_25	C289			yes	pairwise		UHM1210.23070_R.bin.101|k141_1135903_31 (5)	196		5/6	0/8	0/8		Chitin_synth_1,Polysacc_deac_2,RNA12	Pfam	Chitin_synth_1,Polysacc_deac_2,RNA12	1	1	1	1	1	0	0	0	0	0	0	0	0	0	0	0	0	0	0	0	0	0
C289:EHM034674|EHA02355_bin.24_gene_3_4	C289			yes	pairwise		EHM034720|EHA02359_bin.2_gene_190_8 (13)	744		5/6	0/8	0/8		FlbD,Fn3-like,Glyco_hydro_3,Glyco_hydro_3_C	Pfam	FlbD,Fn3-like,Glyco_hydro_3,Glyco_hydro_3_C	1	1	1	1	0	1	0	0	0	0	0	0	0	0	0	0	0	0	0	0	0	0
C289:EHM034674|EHA02355_bin.24_gene_41_5	C289			yes	pairwise		EHM034674|EHA02355_bin.24_gene_41_5 (3)	421		5/6	0/8	0/8		DUF3726,DUF6264	Pfam	DUF3726,DUF6264	1	1	1	1	0	1	0	0	0	0	0	0	0	0	0	0	0	0	0	0	0	0
C289:EHM034674|EHA02355_bin.24_gene_45_1	C289			yes	pairwise		EHM034674|EHA02355_bin.24_gene_45_1 (5)	355		5/6	0/8	0/8		OpcA_G6PD_assem,OpcA_G6PD_C	Pfam	OpcA_G6PD_assem,OpcA_G6PD_C	1	1	1	1	1	0	0	0	0	0	0	0	0	0	0	0	0	0	0	0	0	0
C289:EHM034674|EHA02355_bin.24_gene_45_2	C289			yes	pairwise		EHM034692|EHA02331_bin.15_gene_251_2 (5)	519		5/6	0/8	0/8		G6PD_C,G6PD_N	Pfam	G6PD_C,G6PD_N	1	1	1	1	1	0	0	0	0	0	0	0	0	0	0	0	0	0	0	0	0	0
C289:EHM034674|EHA02355_bin.24_gene_45_4	C289			yes	pairwise		EHM034692|EHA02331_bin.15_gene_279_2 (3)	299		5/6	0/8	6/8		DUF4815,Flg_new_2,OMP_b-brl,UCP029691	Pfam	DUF4815,Flg_new_2,OMP_b-brl,UCP029691	1	1	1	1	0	1	0	0	0	0	0	0	0	0	1	1	0	0	1	1	1	1
C289:EHM034674|EHA02355_bin.24_gene_58_23	C289			yes	pairwise		EHM034674|EHA02355_bin.24_gene_58_23 (2)	324		5/6	0/8	0/8		AhpC-TSA,Redoxin,Thioredoxin_2,Thioredoxin_8	Pfam	AhpC-TSA,Redoxin,Thioredoxin_2,Thioredoxin_8	1	1	1	1	1	0	0	0	0	0	0	0	0	0	0	0	0	0	0	0	0	0
C289:EHM034674|EHA02355_bin.24_gene_58_9	C289			yes	pairwise		UHM1210.23070_R.bin.101|k141_983138_33 (5)	174		5/6	0/8	0/8		Caskin-tail,Cytomega_gL,DUF2017	Pfam	Caskin-tail,Cytomega_gL,DUF2017	1	1	1	1	1	0	0	0	0	0	0	0	0	0	0	0	0	0	0	0	0	0
C289:EHM034674|EHA02355_bin.24_gene_62_1	C289			yes	pairwise			54		5/6	0/8	0/8					1	1	1	1	1	0	0	0	0	0	0	0	0	0	0	0	0	0	0	0	0	0
C289:EHM034674|EHA02355_bin.24_gene_65_24	C289			yes	pairwise			149		5/6	0/8	3/8		Conserved hypothetical membrane protein	ModelOrg_C289	RickCE_N	1	1	1	1	1	0	0	0	0	0	0	0	0	0	1	1	0	0	0	1	0	0
C289:EHM034674|EHA02355_bin.24_gene_66_8	C289			yes	pairwise		EHM034674|EHA02355_bin.24_gene_66_8 (5)	116		5/6	0/8	0/8		DUF2344,P-II,Ribosomal_bL9m_C	Pfam	DUF2344,P-II,Ribosomal_bL9m_C	1	1	1	1	0	1	0	0	0	0	0	0	0	0	0	0	0	0	0	0	0	0
C289:EHM034674|EHA02355_bin.24_gene_75_1	C289			yes	pairwise			78		5/6	0/8	0/8					0	1	1	1	1	1	0	0	0	0	0	0	0	0	0	0	0	0	0	0	0	0
C289:EHM034674|EHA02355_bin.24_gene_75_8	C289			yes	pairwise		EHM034674|EHA02355_bin.24_gene_75_8 (5)	192		5/6	0/8	5/8		Uncharacterized protein	ModelOrg_C289	HTH_17,HTH_23,HTH_29,Sigma70_r4,Sigma70_r4_2	0	1	1	1	1	1	0	0	0	0	0	0	0	0	1	0	1	1	1	0	0	1
C289:EHM034674|EHA02355_bin.24_gene_80_3	C289			yes	pairwise		UHM1073.23039_R.bin.125|k141_27918_71 (3)	246		5/6	0/8	1/8		protein-tyrosine-phosphatase	ModelOrg_C289	CpsB_CapC	0	1	1	1	1	1	0	0	0	0	0	0	0	0	0	0	1	0	0	0	0	0
C289:EHM034674|EHA02355_bin.24_gene_82_2	C289			yes	pairwise		EHM034720|EHA02359_bin.2_gene_190_8 (13)	894		5/6	0/8	0/8		CARDB,Fn3-like,Glyco_hydro_3,Glyco_hydro_3_C,PA14	Pfam	CARDB,Fn3-like,Glyco_hydro_3,Glyco_hydro_3_C,PA14	0	1	1	1	1	1	0	0	0	0	0	0	0	0	0	0	0	0	0	0	0	0
C289:EHM034674|EHA02355_bin.24_gene_86_8	C289			yes	pairwise		EHM034674|EHA02355_bin.24_gene_156_7 (7)	397		5/6	0/8	0/8		SH3_4	Pfam	SH3_4	1	1	1	1	0	1	0	0	0	0	0	0	0	0	0	0	0	0	0	0	0	0
C289:EHM034674|EHA02355_bin.24_gene_92_7	C289			yes	pairwise		EHM034674|EHA02355_bin.24_gene_92_7 (3)	475		5/6	0/8	2/8		GtfB_M	Pfam	GtfB_M	1	1	1	1	0	1	0	0	0	0	0	0	0	0	0	0	1	0	0	0	1	0
C287:EHM034692|EHA02331_bin.15_gene_106_8	C287			yes	pairwise		EHM034720|EHA02359_bin.2_gene_156_5 (3)	237		5/6	0/8	4/8		DUF3313	Pfam	DUF3313	1	1	1	1	1	0	0	0	0	0	0	0	0	0	1	1	0	0	0	0	1	1
C287:EHM034692|EHA02331_bin.15_gene_123_5	C287			yes	pairwise		UHM1210.23070_R.bin.101|k141_44701_65 (5)	325		5/6	0/8	0/8		SGL,Str_synth,TP_0783,Vgb_lyase	Pfam	SGL,Str_synth,TP_0783,Vgb_lyase	1	1	1	1	1	0	0	0	0	0	0	0	0	0	0	0	0	0	0	0	0	0
C287:EHM034692|EHA02331_bin.15_gene_134_2	C287			yes	pairwise		EHM034720|EHA02359_bin.2_gene_150_11 (4)	94		5/6	0/8	4/8		CCDC192,DUF6687,DUF8520,Exonuc_VII_S,KxDL,NBAS_11th,Rod_CreS,V_ATPase_I	Pfam	CCDC192,DUF6687,DUF8520,Exonuc_VII_S,KxDL,NBAS_11th,Rod_CreS,V_ATPase_I	1	1	1	1	0	1	0	0	0	0	0	0	0	0	0	1	1	0	1	1	0	0
C287:EHM034692|EHA02331_bin.15_gene_135_1	C287			yes	pairwise		STP248.12601_R.bin.118|k141_962093_4 (4)	957		5/6	0/8	0/8		AP_endonuc_2,DUF1349,Glyco_hydro_36N	Pfam	AP_endonuc_2,DUF1349,Glyco_hydro_36N	1	1	1	1	0	1	0	0	0	0	0	0	0	0	0	0	0	0	0	0	0	0
C287:EHM034692|EHA02331_bin.15_gene_136_15	C287			yes	pairwise		STP248.12601_R.bin.118|k141_483842_37 (12)	493		5/6	0/8	0/8		DUF4350,IFT52_GIFT,TCAF_N	Pfam	DUF4350,IFT52_GIFT,TCAF_N	0	1	1	1	1	1	0	0	0	0	0	0	0	0	0	0	0	0	0	0	0	0
C287:EHM034692|EHA02331_bin.15_gene_137_15	C287			yes	pairwise		EHM034720|EHA02359_bin.2_gene_190_8 (13)	744		5/6	0/8	0/8		FlbD,Fn3-like,Glyco_hydro_3,Glyco_hydro_3_C	Pfam	FlbD,Fn3-like,Glyco_hydro_3,Glyco_hydro_3_C	0	1	1	1	1	1	0	0	0	0	0	0	0	0	0	0	0	0	0	0	0	0
C287:EHM034692|EHA02331_bin.15_gene_13_11	C287			yes	pairwise		EHM034674|EHA02355_bin.24_gene_303_4 (3)	556		5/6	0/8	1/8		DUF8389	Pfam	DUF8389	0	1	1	1	1	1	0	0	0	0	0	0	0	0	0	1	0	0	0	0	0	0
C287:EHM034692|EHA02331_bin.15_gene_140_1	C287			yes	pairwise		UHM1073.23039_R.bin.125|k141_200691_1 (2)	122		5/6	0/8	0/8		ALMT,CDC45,DDHD,DUF6739,FAM60A,GlpR,Mat89Bb,MDM10,NPR3,NST1,PFF1_TM,PIP5K,Presenilin,Raftlin,TP_0598_N,Trypan_PARP,VID28_C,Zip	Pfam	ALMT,CDC45,DDHD,DUF6739,FAM60A,GlpR,Mat89Bb,MDM10,NPR3,NST1,PFF1_TM,PIP5K,Presenilin,Raftlin,TP_0598_N,Trypan_PARP,VID28_C,Zip	1	1	1	0	1	1	0	0	0	0	0	0	0	0	0	0	0	0	0	0	0	0
C287:EHM034692|EHA02331_bin.15_gene_149_7	C287			yes	pairwise		STP248.12601_R.bin.118|k141_417709_118 (5)	139		5/6	0/8	2/8	fluC	Fluoride-specific ion channel FluC	ModelOrg_C287	CRCB	1	1	1	1	0	1	0	0	0	0	0	0	0	0	1	0	0	0	1	0	0	0
C287:EHM034692|EHA02331_bin.15_gene_14_2	C287			yes	pairwise		EHM034720|EHA02359_bin.2_gene_190_8 (13)	842		5/6	0/8	0/8		Fn3-like,GLEYA,Glyco_hydro_3,Glyco_hydro_3_C,PA14	Pfam	Fn3-like,GLEYA,Glyco_hydro_3,Glyco_hydro_3_C,PA14	0	1	1	1	1	1	0	0	0	0	0	0	0	0	0	0	0	0	0	0	0	0
C287:EHM034692|EHA02331_bin.15_gene_150_6	C287			yes	pairwise		EHM034674|EHA02355_bin.24_gene_100_2 (4)	436		5/6	0/8	0/8		Sialate O-acetylesterase domain-containing protein	ModelOrg_C287	ATG30_helical,SASA	1	1	1	1	0	1	0	0	0	0	0	0	0	0	0	0	0	0	0	0	0	0
C287:EHM034692|EHA02331_bin.15_gene_156_10	C287			yes	pairwise		EHM034692|EHA02331_bin.15_gene_156_10 (5)	197		5/6	0/8	3/8					1	1	1	1	0	1	0	0	0	0	0	0	0	0	1	1	0	0	1	0	0	0
C287:EHM034692|EHA02331_bin.15_gene_166_2	C287			yes	pairwise		EHM034692|EHA02331_bin.15_gene_166_2 (5)	475		5/6	0/8	0/8		2-Hacid_dh_C,6PGD,DUF7280,HTH_Tnp_Mu_2,NAD_binding_11,NAD_binding_2	Pfam	2-Hacid_dh_C,6PGD,DUF7280,HTH_Tnp_Mu_2,NAD_binding_11,NAD_binding_2	1	1	1	1	1	0	0	0	0	0	0	0	0	0	0	0	0	0	0	0	0	0
C287:EHM034692|EHA02331_bin.15_gene_166_4	C287			yes	pairwise		EHM034674|EHA02355_bin.24_gene_131_14 (4)	261		5/6	0/8	0/8		7TM_GPCR_Sra,DUF2749,Piezo_TM1-24	Pfam	7TM_GPCR_Sra,DUF2749,Piezo_TM1-24	1	1	1	1	0	1	0	0	0	0	0	0	0	0	0	0	0	0	0	0	0	0
C287:EHM034692|EHA02331_bin.15_gene_169_10	C287			yes	pairwise		UHM1210.23070_R.bin.101|k141_35550_100 (5)	194		5/6	0/8	0/8		AhpC-TSA,Redoxin,Thioredoxin_2	Pfam	AhpC-TSA,Redoxin,Thioredoxin_2	1	1	1	1	1	0	0	0	0	0	0	0	0	0	0	0	0	0	0	0	0	0
C287:EHM034692|EHA02331_bin.15_gene_169_36	C287			yes	pairwise		EHM034720|EHA02359_bin.2_gene_122_1 (4)	277		5/6	0/8	0/8		Endonuclease/exonuclease/phosphatase	ModelOrg_C287	Exo_endo_phos,Exo_endo_phos_2,Exo_endo_phos_PGAP2IP,HTH_CodY	1	1	1	1	0	1	0	0	0	0	0	0	0	0	0	0	0	0	0	0	0	0
C287:EHM034692|EHA02331_bin.15_gene_173_7	C287			yes	pairwise		STP248.12601_R.bin.118|k141_540405_63 (5)	692		5/6	0/8	5/8		OMP_b-brl_3,Plug,TonB_dep_Rec_b-barrel	Pfam	OMP_b-brl_3,Plug,TonB_dep_Rec_b-barrel	1	1	1	1	0	1	0	0	0	0	0	0	0	0	1	0	1	1	1	1	0	0
C287:EHM034692|EHA02331_bin.15_gene_179_2	C287			yes	pairwise		EHM034692|EHA02331_bin.15_gene_179_2 (5)	734		5/6	0/8	0/8		Glycosyl hydrolase family 88	ModelOrg_C287	DUF4861,Glyco_hydro_88	0	1	1	1	1	1	0	0	0	0	0	0	0	0	0	0	0	0	0	0	0	0
C287:EHM034692|EHA02331_bin.15_gene_194_1	C287			yes	pairwise			186		5/6	0/8	0/8					1	1	1	1	0	1	0	0	0	0	0	0	0	0	0	0	0	0	0	0	0	0
C287:EHM034692|EHA02331_bin.15_gene_199_29	C287			yes	pairwise			585		5/6	0/8	8/8		Putative lipoprotein	ModelOrg_C287	M60-like_N,Peptidase_M60,TcaA_2nd	1	1	1	1	0	1	0	0	0	0	0	0	0	0	1	1	1	1	1	1	1	1
C287:EHM034692|EHA02331_bin.15_gene_199_7	C287			yes	pairwise			177		5/6	0/8	1/8		DUF6714,Transthyretin	Pfam	DUF6714,Transthyretin	0	1	1	1	1	1	0	0	0	0	0	0	0	0	1	0	0	0	0	0	0	0
C287:EHM034692|EHA02331_bin.15_gene_19_3	C287			yes	pairwise		UHM1210.23070_R.bin.101|k141_102944_12 (5)	215		5/6	0/8	2/8		HTH_24,LacI,PPV_E1_C,Sigma70_r4,TetR_C_2,TetR_N	Pfam	HTH_24,LacI,PPV_E1_C,Sigma70_r4,TetR_C_2,TetR_N	0	1	1	1	1	1	0	0	0	0	0	0	0	0	1	0	0	0	0	0	0	1
C287:EHM034692|EHA02331_bin.15_gene_201_10	C287			yes	pairwise		EHM034720|EHA02359_bin.2_gene_186_7 (5)	747		5/6	0/8	0/8		BAAT_C,BD-FAE,DLH,DPPIV_N,Esterase,Hydrolase_4,PD40,Peptidase_S15,Peptidase_S9,PKD,SOGP_4th,Tricorn_N	Pfam	BAAT_C,BD-FAE,DLH,DPPIV_N,Esterase,Hydrolase_4,PD40,Peptidase_S15,Peptidase_S9,PKD,SOGP_4th,Tricorn_N	1	1	1	1	0	1	0	0	0	0	0	0	0	0	0	0	0	0	0	0	0	0
C287:EHM034692|EHA02331_bin.15_gene_208_4	C287			yes	pairwise		EHM034674|EHA02355_bin.24_gene_242_3 (3)	164		5/6	0/8	0/8		Cyclophil_like,Cyclophil_like2	Pfam	Cyclophil_like,Cyclophil_like2	1	1	1	1	0	1	0	0	0	0	0	0	0	0	0	0	0	0	0	0	0	0
C287:EHM034692|EHA02331_bin.15_gene_212_4	C287			yes	pairwise		UHM1073.23039_R.bin.125|k141_327978_140 (5)	176		5/6	0/8	6/8					1	1	1	1	0	1	0	0	0	0	0	0	0	0	1	1	0	1	0	1	1	1
C287:EHM034692|EHA02331_bin.15_gene_214_14	C287			yes	pairwise		EHM034692|EHA02331_bin.15_gene_214_14 (3)	150		5/6	0/8	7/8		ExbD	Pfam	ExbD	1	1	1	1	1	0	0	0	0	0	0	0	0	0	1	1	0	1	1	1	1	1
C287:EHM034692|EHA02331_bin.15_gene_215_7	C287			yes	pairwise		EHM034674|EHA02355_bin.24_gene_66_8 (5)	116		5/6	0/8	0/8		DUF2344,P-II,Ribosomal_bL9m_C	Pfam	DUF2344,P-II,Ribosomal_bL9m_C	1	1	1	1	0	1	0	0	0	0	0	0	0	0	0	0	0	0	0	0	0	0
C287:EHM034692|EHA02331_bin.15_gene_219_1	C287			yes	pairwise		EHM034674|EHA02355_bin.24_gene_114_3 (5)	288		5/6	0/8	0/8		T2SSK_1st	Pfam	T2SSK_1st	1	1	1	1	0	1	0	0	0	0	0	0	0	0	0	0	0	0	0	0	0	0
C287:EHM034692|EHA02331_bin.15_gene_219_2	C287			yes	pairwise		EHM034692|EHA02331_bin.15_gene_219_2 (5)	354		5/6	0/8	0/8		CD34_antigen	Pfam	CD34_antigen	1	1	1	1	0	1	0	0	0	0	0	0	0	0	0	0	0	0	0	0	0	0
C287:EHM034692|EHA02331_bin.15_gene_219_3	C287			yes	pairwise		EHM034692|EHA02331_bin.15_gene_219_3 (2)	216		5/6	0/8	0/8		Amuc_1100,MwoI_central,T2SSM_N	Pfam	Amuc_1100,MwoI_central,T2SSM_N	1	1	1	1	0	1	0	0	0	0	0	0	0	0	0	0	0	0	0	0	0	0
C287:EHM034692|EHA02331_bin.15_gene_21_1	C287			yes	pairwise			48		5/6	0/8	4/8	hisI	Phosphoribosyl-AMP cyclohydrolase	ModelOrg_C287	PRA-CH	1	1	1	1	0	1	0	0	0	0	0	0	0	0	1	1	0	0	1	1	0	0
C287:EHM034692|EHA02331_bin.15_gene_21_9	C287			yes	pairwise			130		5/6	0/8	0/8		DUF8101,TPR_14,TPR_16,TPR_2,TPR_BSK1_C,TP_0391_C,TP_0855_helical	Pfam	DUF8101,TPR_14,TPR_16,TPR_2,TPR_BSK1_C,TP_0391_C,TP_0855_helical	0	1	1	1	1	1	0	0	0	0	0	0	0	0	0	0	0	0	0	0	0	0
C287:EHM034692|EHA02331_bin.15_gene_226_3	C287			yes	pairwise		EHM034720|EHA02359_bin.2_gene_55_23 (7)	840		5/6	0/8	2/8		Formylglycine-generating enzyme family protein	ModelOrg_C287	Beta-prop_ApeH-3,Cytochrome_C7,Cytochrome_CBB3,Cytochrom_C,HZS_alpha,Mtrc-MtrF_II-IV_dom,Paired_CXXCH_1,PD40,Tricorn_N	0	1	1	1	1	1	0	0	0	0	0	0	0	0	0	0	0	0	1	1	0	0
C287:EHM034692|EHA02331_bin.15_gene_229_4	C287			yes	pairwise		EHM034692|EHA02331_bin.15_gene_229_4 (4)	266		5/6	0/8	8/8		Uncharacterized oxidoreductase YghA	ModelOrg_C287	adh_short,adh_short_C2,DUF1776,KR,SDR	0	1	1	1	1	1	0	0	0	0	0	0	0	0	1	1	1	1	1	1	1	1
C287:EHM034692|EHA02331_bin.15_gene_229_5	C287			yes	pairwise		EHM034692|EHA02331_bin.15_gene_229_5 (5)	281		5/6	0/8	0/8		DUF5621,KduI,VIT	Pfam	DUF5621,KduI,VIT	0	1	1	1	1	1	0	0	0	0	0	0	0	0	0	0	0	0	0	0	0	0
C287:EHM034692|EHA02331_bin.15_gene_232_26	C287			yes	pairwise			419		5/6	0/8	0/8					1	1	1	1	0	1	0	0	0	0	0	0	0	0	0	0	0	0	0	0	0	0
C287:EHM034692|EHA02331_bin.15_gene_232_34	C287			yes	pairwise		UHM1073.23039_R.bin.125|k141_293949_58 (2)	505		5/6	0/8	8/8		Peptidase M60 domain-containing protein	ModelOrg_C287	DUF6055,M60-like_N,Peptidase_M60	1	1	1	1	0	1	0	0	0	0	0	0	0	0	1	1	1	1	1	1	1	1
C287:EHM034692|EHA02331_bin.15_gene_232_4	C287			yes	pairwise		EHM034720|EHA02359_bin.2_gene_113_10 (4)	299		5/6	0/8	3/8		BBP1_C,DivIC,DUF6262,GLV_propep,HTH_Tnp_1,MYCBP_helical,Rootletin,rSAM_modified_put,WDR18_C,ZapB	Pfam	BBP1_C,DivIC,DUF6262,GLV_propep,HTH_Tnp_1,MYCBP_helical,Rootletin,rSAM_modified_put,WDR18_C,ZapB	1	1	1	1	1	0	0	0	0	0	0	0	0	0	1	0	0	0	1	1	0	0
C287:EHM034692|EHA02331_bin.15_gene_241_7	C287			yes	pairwise		EHM034674|EHA02355_bin.24_gene_92_7 (3)	496		5/6	0/8	2/8		GtfB_M	Pfam	GtfB_M	1	1	1	1	0	1	0	0	0	0	0	0	0	0	0	0	1	0	0	0	1	0
C287:EHM034692|EHA02331_bin.15_gene_244_8	C287			yes	pairwise		EHM034720|EHA02359_bin.2_gene_152_8 (5)	670		5/6	0/8	0/8		HEAT_Nup120,Toprim_3	Pfam	HEAT_Nup120,Toprim_3	1	1	1	1	0	1	0	0	0	0	0	0	0	0	0	0	0	0	0	0	0	0
C287:EHM034692|EHA02331_bin.15_gene_245_13	C287			yes	pairwise		STP248.12601_R.bin.118|k141_483842_37 (12)	491		5/6	0/8	0/8		ABC_transp_aux,DUF2194,DUF4350,DUF7408,IFT52_GIFT	Pfam	ABC_transp_aux,DUF2194,DUF4350,DUF7408,IFT52_GIFT	0	1	1	1	1	1	0	0	0	0	0	0	0	0	0	0	0	0	0	0	0	0
C287:EHM034692|EHA02331_bin.15_gene_245_37	C287			yes	pairwise		STP248.12601_R.bin.118|k141_588353_82 (6)	889		5/6	0/8	2/8		CFSR,Cytochrome_C7,Cytochrome_CBB3,Cytochrom_CIII,HZS_alpha,Mtrc-MtrF_II-IV_dom,Paired_CXXCH_1,PD40	Pfam	CFSR,Cytochrome_C7,Cytochrome_CBB3,Cytochrom_CIII,HZS_alpha,Mtrc-MtrF_II-IV_dom,Paired_CXXCH_1,PD40	1	1	1	1	0	1	0	0	0	0	0	0	0	0	0	0	0	0	1	1	0	0
C287:EHM034692|EHA02331_bin.15_gene_246_2	C287			yes	pairwise		EHM034692|EHA02331_bin.15_gene_246_2 (5)	333		5/6	0/8	0/8		URO-D	Pfam	URO-D	1	1	1	1	0	1	0	0	0	0	0	0	0	0	0	0	0	0	0	0	0	0
C287:EHM034692|EHA02331_bin.15_gene_24_26	C287			yes	pairwise		EHM034692|EHA02331_bin.15_gene_24_26 (3)	402		5/6	0/8	0/8		Glycosyl hydrolase family 88	ModelOrg_C287	C5-epim_C,Glyco_hydro_76,Glyco_hydro_88	0	1	1	1	1	1	0	0	0	0	0	0	0	0	0	0	0	0	0	0	0	0
C287:EHM034692|EHA02331_bin.15_gene_24_3	C287			yes	pairwise		EHM034720|EHA02359_bin.2_gene_190_8 (13)	744		5/6	0/8	0/8		FlbD,Fn3-like,Glyco_hydro_3,Glyco_hydro_3_C	Pfam	FlbD,Fn3-like,Glyco_hydro_3,Glyco_hydro_3_C	1	1	1	1	0	1	0	0	0	0	0	0	0	0	0	0	0	0	0	0	0	0
C287:EHM034692|EHA02331_bin.15_gene_251_2	C287			yes	pairwise		EHM034692|EHA02331_bin.15_gene_251_2 (5)	519		5/6	0/8	0/8		G6PD_C,G6PD_N	Pfam	G6PD_C,G6PD_N	1	1	1	1	1	0	0	0	0	0	0	0	0	0	0	0	0	0	0	0	0	0
C287:EHM034692|EHA02331_bin.15_gene_251_3	C287			yes	pairwise		EHM034674|EHA02355_bin.24_gene_45_1 (5)	355		5/6	0/8	0/8		OpcA_G6PD_assem,OpcA_G6PD_C	Pfam	OpcA_G6PD_assem,OpcA_G6PD_C	1	1	1	1	1	0	0	0	0	0	0	0	0	0	0	0	0	0	0	0	0	0
C287:EHM034692|EHA02331_bin.15_gene_258_3	C287			yes	pairwise			756		5/6	0/8	8/8		Glycosyl hydrolase	ModelOrg_C287	DUF5703_N,Glyco_hydro_95_C,Glyco_hydro_95_cat	1	1	1	1	0	1	0	0	0	0	0	0	0	0	1	1	1	1	1	1	1	1
C287:EHM034692|EHA02331_bin.15_gene_259_8	C287			yes	pairwise		EHM034674|EHA02355_bin.24_gene_41_5 (3)	432		5/6	0/8	0/8					1	1	1	1	0	1	0	0	0	0	0	0	0	0	0	0	0	0	0	0	0	0
C287:EHM034692|EHA02331_bin.15_gene_261_2	C287			yes	pairwise		STP248.12601_R.bin.118|k141_540405_52 (5)	267		5/6	0/8	0/8					1	1	1	1	0	1	0	0	0	0	0	0	0	0	0	0	0	0	0	0	0	0
C287:EHM034692|EHA02331_bin.15_gene_261_3	C287			yes	pairwise		STP248.12601_R.bin.118|k141_540405_51 (5)	150		5/6	0/8	0/8					1	1	1	1	0	1	0	0	0	0	0	0	0	0	0	0	0	0	0	0	0	0
C287:EHM034692|EHA02331_bin.15_gene_261_4	C287			yes	pairwise		EHM034674|EHA02355_bin.24_gene_114_6 (5)	177		5/6	0/8	0/8		LidA_Long_CC,N_methyl	Pfam	LidA_Long_CC,N_methyl	1	1	1	1	0	1	0	0	0	0	0	0	0	0	0	0	0	0	0	0	0	0
C287:EHM034692|EHA02331_bin.15_gene_261_5	C287			yes	pairwise		EHM034674|EHA02355_bin.24_gene_114_7 (3)	148		5/6	0/8	0/8		N_methyl,T2SSG	Pfam	N_methyl,T2SSG	1	1	1	1	0	1	0	0	0	0	0	0	0	0	0	0	0	0	0	0	0	0
C287:EHM034692|EHA02331_bin.15_gene_268_11	C287			yes	pairwise		EHM034674|EHA02355_bin.24_gene_75_8 (5)	192		5/6	0/8	5/8		Uncharacterized protein	ModelOrg_C287	AbiEi_4,DUF8658,FaeA,HTH_17,HTH_23,HTH_29,HTH_DeoR,RWP-RK,Sigma70_r4,Sigma70_r4_2,UBA_ARI1	0	1	1	1	1	1	0	0	0	0	0	0	0	0	1	0	1	1	1	0	0	1
C287:EHM034692|EHA02331_bin.15_gene_268_17	C287			yes	pairwise		STP248.12601_R.bin.118|k141_520429_36 (4)	347		5/6	0/8	0/8		Asp_protease,Asp_protease_2,DUF1905,gag-asp_proteas,PE-PGRS_C,RVP	Pfam	Asp_protease,Asp_protease_2,DUF1905,gag-asp_proteas,PE-PGRS_C,RVP	0	1	1	1	1	1	0	0	0	0	0	0	0	0	0	0	0	0	0	0	0	0
C287:EHM034692|EHA02331_bin.15_gene_268_2	C287			yes	pairwise		EHM034720|EHA02359_bin.2_gene_247_4 (5)	311		5/6	0/8	0/8					1	1	1	1	0	1	0	0	0	0	0	0	0	0	0	0	0	0	0	0	0	0
C287:EHM034692|EHA02331_bin.15_gene_279_2	C287			yes	pairwise		EHM034692|EHA02331_bin.15_gene_279_2 (3)	286		5/6	0/8	6/8		DUF4815,Flg_new_2,UCP029691	Pfam	DUF4815,Flg_new_2,UCP029691	1	1	1	1	0	1	0	0	0	0	0	0	0	0	1	1	0	0	1	1	1	1
C287:EHM034692|EHA02331_bin.15_gene_284_12	C287			yes	pairwise		UHM1210.23070_R.bin.101|k141_692359_19 (5)	147		5/6	0/8	0/8		Phage_holin_3_6	Pfam	Phage_holin_3_6	1	1	1	1	1	0	0	0	0	0	0	0	0	0	0	0	0	0	0	0	0	0
C287:EHM034692|EHA02331_bin.15_gene_28_3	C287			yes	pairwise			274		5/6	0/8	6/8		Outer membrane autotransporter barrel domain protein	ModelOrg_C287	Autotransporter,VacA_C,YadA_anchor	0	1	1	1	1	1	0	0	0	0	0	0	0	0	1	0	0	1	1	1	1	1
C287:EHM034692|EHA02331_bin.15_gene_35_1	C287			yes	pairwise			127		5/6	0/8	0/8		Gln-synt_N	Pfam	Gln-synt_N	1	1	1	1	0	1	0	0	0	0	0	0	0	0	0	0	0	0	0	0	0	0
C287:EHM034692|EHA02331_bin.15_gene_36_2	C287			yes	pairwise			1088		5/6	0/8	0/8		DUF4251,PATR	Pfam	DUF4251,PATR	1	1	1	1	1	0	0	0	0	0	0	0	0	0	0	0	0	0	0	0	0	0
C287:EHM034692|EHA02331_bin.15_gene_40_1	C287			yes	pairwise			336		5/6	0/8	5/8		ANAPC3,RMD1-3,TPR_1,TPR_11,TPR_14,TPR_16,TPR_17,TPR_19,TPR_2,TPR_6,TPR_8,TPR_9,TPR_CcmH_CycH	Pfam	ANAPC3,RMD1-3,TPR_1,TPR_11,TPR_14,TPR_16,TPR_17,TPR_19,TPR_2,TPR_6,TPR_8,TPR_9,TPR_CcmH_CycH	1	1	1	1	1	0	0	0	0	0	0	0	0	0	1	1	1	0	1	1	0	0
C287:EHM034692|EHA02331_bin.15_gene_48_1	C287			yes	pairwise			1231		5/6	0/8	0/8		Outer membrane autotransporter barrel domain protein	ModelOrg_C287	PATR	1	1	1	1	0	1	0	0	0	0	0	0	0	0	0	0	0	0	0	0	0	0
C287:EHM034692|EHA02331_bin.15_gene_52_2	C287			yes	pairwise		EHM034674|EHA02355_bin.24_gene_156_7 (7)	453		5/6	0/8	0/8		DUF3106,DUF6241,RPAP1_N	Pfam	DUF3106,DUF6241,RPAP1_N	1	1	1	1	0	1	0	0	0	0	0	0	0	0	0	0	0	0	0	0	0	0
C287:EHM034692|EHA02331_bin.15_gene_55_2	C287			yes	pairwise		UHM1210.23070_R.bin.101|k141_983138_33 (5)	181		5/6	0/8	0/8		Cytomega_gL,DUF2017	Pfam	Cytomega_gL,DUF2017	1	1	1	1	1	0	0	0	0	0	0	0	0	0	0	0	0	0	0	0	0	0
C287:EHM034692|EHA02331_bin.15_gene_55_33	C287			yes	pairwise		EHM034692|EHA02331_bin.15_gene_55_33 (5)	175		5/6	0/8	8/8		HTH_16,Sel1,Ta0938,TPR_27,VIT	Pfam	HTH_16,Sel1,Ta0938,TPR_27,VIT	1	1	1	1	1	0	0	0	0	0	0	0	0	0	1	1	1	1	1	1	1	1
C287:EHM034692|EHA02331_bin.15_gene_58_4	C287			yes	pairwise		EHM034692|EHA02331_bin.15_gene_58_4 (2)	121		5/6	0/8	1/8					1	1	1	1	0	1	0	0	0	0	0	0	0	0	0	0	0	0	0	1	0	0
C287:EHM034692|EHA02331_bin.15_gene_62_12	C287			yes	pairwise		STP248.12601_R.bin.118|k141_642822_6 (3)	916		5/6	0/8	0/8		ACT,ACT_4,ACT_ACR9_3rd,ACT_ACR_D1,bHLH-TF_ACT-like_plant,GlnD_3rd,GlnD_UR_UTase,GlnE,Myb_DNA-bind_3,Myb_DNA-bind_4,NTP_transf_2	Pfam	ACT,ACT_4,ACT_ACR9_3rd,ACT_ACR_D1,bHLH-TF_ACT-like_plant,GlnD_3rd,GlnD_UR_UTase,GlnE,Myb_DNA-bind_3,Myb_DNA-bind_4,NTP_transf_2	1	1	1	1	0	1	0	0	0	0	0	0	0	0	0	0	0	0	0	0	0	0
C287:EHM034692|EHA02331_bin.15_gene_62_26	C287			yes	pairwise		EHM034692|EHA02331_bin.15_gene_62_26 (5)	376		5/6	0/8	0/8		Arylesterase,Beta-prop_Rol-3,BT_3535-like,NHL,SGL,SSL_N,TrAA12	Pfam	Arylesterase,Beta-prop_Rol-3,BT_3535-like,NHL,SGL,SSL_N,TrAA12	1	1	1	1	0	1	0	0	0	0	0	0	0	0	0	0	0	0	0	0	0	0
C287:EHM034692|EHA02331_bin.15_gene_62_37	C287			yes	pairwise		EHM034720|EHA02359_bin.2_gene_94_28 (4)	326		5/6	0/8	3/8		FHA,Neisseria_TspB,RAB3GAP2_N,Tt1218-like,Yop-YscD_cpl	Pfam	FHA,Neisseria_TspB,RAB3GAP2_N,Tt1218-like,Yop-YscD_cpl	1	1	1	1	1	0	0	0	0	0	0	0	0	0	1	1	0	0	0	1	0	0
C287:EHM034692|EHA02331_bin.15_gene_63_1	C287			yes	pairwise		UHM1210.23070_R.bin.101|k141_1015956_32 (5)	288		5/6	0/8	0/8		DUF6113,Form_Nir_trans	Pfam	DUF6113,Form_Nir_trans	0	1	1	1	1	1	0	0	0	0	0	0	0	0	0	0	0	0	0	0	0	0
C287:EHM034692|EHA02331_bin.15_gene_67_2	C287			yes	pairwise		UHM1210.23070_R.bin.101|k141_1135903_31 (5)	195		5/6	0/8	0/8					1	1	1	1	1	0	0	0	0	0	0	0	0	0	0	0	0	0	0	0	0	0
C287:EHM034692|EHA02331_bin.15_gene_71_8	C287			yes	pairwise		EHM034720|EHA02359_bin.2_gene_254_20 (5)	101		5/6	0/8	0/8		Oleosin	Pfam	Oleosin	1	1	1	1	1	0	0	0	0	0	0	0	0	0	0	0	0	0	0	0	0	0
C287:EHM034692|EHA02331_bin.15_gene_71_9	C287			yes	pairwise			235		5/6	0/8	4/8		Peptidase M15C domain-containing protein	ModelOrg_C287	Peptidase_M15_3,Peptidase_M15_4,PG_binding_1	1	1	1	1	0	1	0	0	0	0	0	0	0	0	1	0	1	1	0	0	0	1
C287:EHM034692|EHA02331_bin.15_gene_87_13	C287			yes	pairwise		EHM034692|EHA02331_bin.15_gene_87_13 (3)	111		5/6	0/8	0/8					1	1	1	1	1	0	0	0	0	0	0	0	0	0	0	0	0	0	0	0	0	0
C287:EHM034692|EHA02331_bin.15_gene_87_2	C287			yes	pairwise		UHM1210.23070_R.bin.101|k141_1318991_57 (3)	236		5/6	0/8	8/8		Sel1,TPR_16,TPR_20,TPR_27	Pfam	Sel1,TPR_16,TPR_20,TPR_27	1	1	1	1	1	0	0	0	0	0	0	0	0	0	1	1	1	1	1	1	1	1
C287:EHM034692|EHA02331_bin.15_gene_89_16	C287			yes	pairwise		UHM1210.23070_R.bin.101|k141_1014015_36 (5)	234		5/6	0/8	0/8		HAD_2,Hydrolase,Hydrolase_like	Pfam	HAD_2,Hydrolase,Hydrolase_like	1	1	1	1	1	0	0	0	0	0	0	0	0	0	0	0	0	0	0	0	0	0
C286:EHM034720|EHA02359_bin.2_gene_0_1	C286			yes	pairwise			128		5/6	0/8	1/8		Acyl_transf_1,DnaA_N	Pfam	Acyl_transf_1,DnaA_N	1	1	1	1	1	0	0	0	0	0	0	0	0	0	0	0	0	0	1	0	0	0
C286:EHM034720|EHA02359_bin.2_gene_10_2	C286			yes	pairwise			67		5/6	0/8	4/8		ThiS,ThiS-like	Pfam	ThiS,ThiS-like	1	1	1	1	1	0	0	0	0	0	0	0	0	0	1	1	0	0	1	1	0	0
C286:EHM034720|EHA02359_bin.2_gene_113_15	C286			yes	pairwise			519		5/6	0/8	0/8		ISP3_C	Pfam	ISP3_C	1	0	1	1	1	1	0	0	0	0	0	0	0	0	0	0	0	0	0	0	0	0
C286:EHM034720|EHA02359_bin.2_gene_113_5	C286			yes	pairwise		UHM1210.23070_R.bin.101|k141_1135903_31 (5)	199		5/6	0/8	0/8					1	1	1	1	1	0	0	0	0	0	0	0	0	0	0	0	0	0	0	0	0	0
C286:EHM034720|EHA02359_bin.2_gene_121_5	C286			yes	pairwise		UHM1210.23070_R.bin.101|k141_692359_19 (5)	152		5/6	0/8	0/8		Asp4,DUF2207_C,DUF2721,Phage_holin_3_6	Pfam	Asp4,DUF2207_C,DUF2721,Phage_holin_3_6	1	1	1	1	1	0	0	0	0	0	0	0	0	0	0	0	0	0	0	0	0	0
C286:EHM034720|EHA02359_bin.2_gene_122_1	C286			yes	pairwise		EHM034720|EHA02359_bin.2_gene_122_1 (4)	262		5/6	0/8	0/8		Endonuclease/exonuclease/phosphatase	ModelOrg_C286	BRISC_FAM175B_helical,Exo_endo_phos,Exo_endo_phos_2	1	1	1	1	0	1	0	0	0	0	0	0	0	0	0	0	0	0	0	0	0	0
C286:EHM034720|EHA02359_bin.2_gene_122_2	C286			yes	pairwise		STP248.12601_R.bin.118|k141_962093_11 (3)	322		5/6	0/8	8/8		DUF6268	Pfam	DUF6268	1	1	1	0	1	1	0	0	0	0	0	0	0	0	1	1	1	1	1	1	1	1
C286:EHM034720|EHA02359_bin.2_gene_128_5	C286			yes	pairwise			111		5/6	0/8	1/8		AddB_5th,CCDC-167,DUF4164,FapA,FlxA,SIKE	Pfam	AddB_5th,CCDC-167,DUF4164,FapA,FlxA,SIKE	1	1	1	1	0	1	0	0	0	0	0	0	0	0	0	0	0	0	0	1	0	0
C286:EHM034720|EHA02359_bin.2_gene_133_2	C286			yes	pairwise		STP248.12601_R.bin.118|k141_771786_39 (6)	273		5/6	0/8	0/8		DUF432	Pfam	DUF432	1	1	1	1	0	1	0	0	0	0	0	0	0	0	0	0	0	0	0	0	0	0
C286:EHM034720|EHA02359_bin.2_gene_136_3	C286			yes	pairwise			183		5/6	0/8	5/8		5-FTHF_cyc-lig,DUF7892	Pfam	5-FTHF_cyc-lig,DUF7892	1	1	1	0	1	1	0	0	0	0	0	0	0	0	1	1	1	1	0	0	1	0
C286:EHM034720|EHA02359_bin.2_gene_143_4	C286			yes	pairwise			433		5/6	0/8	7/8		ABC_tran	Pfam	ABC_tran	1	1	1	1	0	1	0	0	0	0	0	0	0	0	1	1	1	1	1	0	1	1
C286:EHM034720|EHA02359_bin.2_gene_150_11	C286			yes	pairwise		EHM034720|EHA02359_bin.2_gene_150_11 (4)	92		5/6	0/8	4/8		Exonuc_VII_S,KxDL,MTR4_beta-barrel,ParB	Pfam	Exonuc_VII_S,KxDL,MTR4_beta-barrel,ParB	1	1	1	1	0	1	0	0	0	0	0	0	0	0	0	1	1	0	1	1	0	0
C286:EHM034720|EHA02359_bin.2_gene_151_2	C286			yes	pairwise		UHM1210.23070_R.bin.101|k141_1014015_36 (5)	232		5/6	0/8	0/8		5_nucleotid,Acid_PPase,DUF2209,HAD_2,Hydrolase,Hydrolase_like	Pfam	5_nucleotid,Acid_PPase,DUF2209,HAD_2,Hydrolase,Hydrolase_like	1	1	1	1	1	0	0	0	0	0	0	0	0	0	0	0	0	0	0	0	0	0
C286:EHM034720|EHA02359_bin.2_gene_152_8	C286			yes	pairwise		EHM034720|EHA02359_bin.2_gene_152_8 (5)	644		5/6	0/8	0/8		DUF7344,Endotoxin_C2,HEAT_Nup120,SOV1_middle,SUCH1_C,TPR_19,TPR_30	Pfam	DUF7344,Endotoxin_C2,HEAT_Nup120,SOV1_middle,SUCH1_C,TPR_19,TPR_30	1	1	1	1	0	1	0	0	0	0	0	0	0	0	0	0	0	0	0	0	0	0
C286:EHM034720|EHA02359_bin.2_gene_153_1	C286			yes	pairwise			725		5/6	0/8	0/8		GlnD_3rd,GlnD_UR_UTase,HD,NTP_transf_2	Pfam	GlnD_3rd,GlnD_UR_UTase,HD,NTP_transf_2	1	1	1	1	0	1	0	0	0	0	0	0	0	0	0	0	0	0	0	0	0	0
C286:EHM034720|EHA02359_bin.2_gene_156_5	C286			yes	pairwise		EHM034720|EHA02359_bin.2_gene_156_5 (3)	236		5/6	0/8	4/8		DUF3313,TraT	Pfam	DUF3313,TraT	1	1	1	1	0	1	0	0	0	0	0	0	0	0	1	1	0	0	0	0	1	1
C286:EHM034720|EHA02359_bin.2_gene_167_1	C286			yes	pairwise			321		5/6	0/8	5/8		Beta-galactosidase	ModelOrg_C286	DUF4434,Glyco_hydro_35,Glyco_hydro_42	1	1	1	1	0	1	0	0	0	0	0	0	0	0	0	0	1	1	1	1	0	1
C286:EHM034720|EHA02359_bin.2_gene_179_1	C286			yes	pairwise			65		5/6	0/8	1/8					1	1	1	1	0	1	0	0	0	0	0	0	0	0	1	0	0	0	0	0	0	0
C286:EHM034720|EHA02359_bin.2_gene_186_16	C286			yes	pairwise		EHM034674|EHA02355_bin.24_gene_156_7 (7)	456		5/6	0/8	0/8		ATPTG10,DUF4034,HEAT_2,VG15,YTH3_C	Pfam	ATPTG10,DUF4034,HEAT_2,VG15,YTH3_C	1	1	1	1	0	1	0	0	0	0	0	0	0	0	0	0	0	0	0	0	0	0
C286:EHM034720|EHA02359_bin.2_gene_186_7	C286			yes	pairwise		EHM034720|EHA02359_bin.2_gene_186_7 (5)	741		5/6	0/8	0/8		BD-FAE,DLH,DPPIV_N,Hydrolase_4,PD40,Peptidase_S15,Peptidase_S9,Tricorn_N	Pfam	BD-FAE,DLH,DPPIV_N,Hydrolase_4,PD40,Peptidase_S15,Peptidase_S9,Tricorn_N	1	1	1	1	0	1	0	0	0	0	0	0	0	0	0	0	0	0	0	0	0	0
C286:EHM034720|EHA02359_bin.2_gene_189_1	C286			yes	pairwise			212		5/6	0/8	6/8		NNH2	Pfam	NNH2	1	1	1	1	0	1	0	0	0	0	0	0	0	0	1	1	0	1	1	1	0	1
C286:EHM034720|EHA02359_bin.2_gene_190_13	C286			yes	pairwise		STP248.12601_R.bin.118|k141_540405_48 (4)	335		5/6	0/8	0/8		Gln-synt_C,Gln-synt_N	Pfam	Gln-synt_C,Gln-synt_N	1	1	1	1	0	1	0	0	0	0	0	0	0	0	0	0	0	0	0	0	0	0
C286:EHM034720|EHA02359_bin.2_gene_196_15	C286			yes	pairwise			625		5/6	0/8	0/8		AP_endonuc_2,Glyco_hydro_70	Pfam	AP_endonuc_2,Glyco_hydro_70	1	1	1	1	0	1	0	0	0	0	0	0	0	0	0	0	0	0	0	0	0	0
C286:EHM034720|EHA02359_bin.2_gene_199_16	C286			yes	pairwise			103		5/6	0/8	1/8		Transposase_mut	Pfam	Transposase_mut	1	1	1	1	1	0	0	0	0	0	0	0	0	0	0	0	0	0	1	0	0	0
C286:EHM034720|EHA02359_bin.2_gene_199_5	C286			yes	pairwise		STP248.12601_R.bin.118|k141_540405_79 (4)	246		5/6	0/8	2/8		Impact_N,Met_synt_B12	Pfam	Impact_N,Met_synt_B12	1	1	1	1	0	1	0	0	0	0	0	0	0	0	0	0	0	0	1	1	0	0
C286:EHM034720|EHA02359_bin.2_gene_199_6	C286			yes	pairwise		EHM034692|EHA02331_bin.15_gene_246_2 (5)	354		5/6	0/8	0/8		DacZ_A,URO-D	Pfam	DacZ_A,URO-D	1	1	1	1	0	1	0	0	0	0	0	0	0	0	0	0	0	0	0	0	0	0
C286:EHM034720|EHA02359_bin.2_gene_202_1	C286			yes	pairwise			69		5/6	0/8	4/8		DUF6579,DUF7833,RQC	Pfam	DUF6579,DUF7833,RQC	1	0	1	1	1	1	0	0	0	0	0	0	0	0	1	1	0	0	1	1	0	0
C286:EHM034720|EHA02359_bin.2_gene_202_2	C286			yes	pairwise		EHM034720|EHA02359_bin.2_gene_202_2 (5)	164		5/6	0/8	3/8		RNase_T,Rv2179c-like	Pfam	RNase_T,Rv2179c-like	1	1	1	1	0	1	0	0	0	0	0	0	0	0	0	1	0	1	0	0	0	1
C286:EHM034720|EHA02359_bin.2_gene_206_5	C286			yes	pairwise		UHM1073.23039_R.bin.125|k141_327978_140 (5)	175		5/6	0/8	6/8		SecDF_P1_head,TetR_C_26	Pfam	SecDF_P1_head,TetR_C_26	1	1	1	1	0	1	0	0	0	0	0	0	0	0	1	1	0	1	0	1	1	1
C286:EHM034720|EHA02359_bin.2_gene_209_14	C286			yes	pairwise		UHM1210.23070_R.bin.101|k141_35550_100 (5)	207		5/6	0/8	0/8		AhpC-TSA,DUF2322,DUF6436,Redoxin,Thioredoxin_2,Thioredoxin_8	Pfam	AhpC-TSA,DUF2322,DUF6436,Redoxin,Thioredoxin_2,Thioredoxin_8	1	1	1	1	1	0	0	0	0	0	0	0	0	0	0	0	0	0	0	0	0	0
C286:EHM034720|EHA02359_bin.2_gene_209_8	C286			yes	pairwise		EHM034692|EHA02331_bin.15_gene_286_3 (6)	259		5/6	0/8	1/8		DUF2749,DUF6384,F5_F8_type_C,F5_F8_type_C_2,Sad1_UNC	Pfam	DUF2749,DUF6384,F5_F8_type_C,F5_F8_type_C_2,Sad1_UNC	1	1	1	1	0	1	0	0	0	0	0	0	0	0	0	0	0	0	0	1	0	0
C286:EHM034720|EHA02359_bin.2_gene_217_9	C286			yes	pairwise		EHM034692|EHA02331_bin.15_gene_156_10 (5)	211		5/6	0/8	3/8					1	1	1	1	0	1	0	0	0	0	0	0	0	0	1	1	0	0	1	0	0	0
C286:EHM034720|EHA02359_bin.2_gene_221_4	C286			yes	pairwise			238		5/6	0/8	0/8		Sialate O-acetylesterase domain-containing protein	ModelOrg_C286	DUF6908,SASA	1	1	1	1	0	1	0	0	0	0	0	0	0	0	0	0	0	0	0	0	0	0
C286:EHM034720|EHA02359_bin.2_gene_221_5	C286			yes	pairwise			181		5/6	0/8	0/8		Sialate O-acetylesterase domain-containing protein	ModelOrg_C286		1	1	1	1	0	1	0	0	0	0	0	0	0	0	0	0	0	0	0	0	0	0
C286:EHM034720|EHA02359_bin.2_gene_244_5	C286			yes	pairwise			427		5/6	0/8	8/8		CBS,CNNM,CorC_HlyC,Histone_ABTB,TMEM215	Pfam	CBS,CNNM,CorC_HlyC,Histone_ABTB,TMEM215	1	1	1	1	0	1	0	0	0	0	0	0	0	0	1	1	1	1	1	1	1	1
C286:EHM034720|EHA02359_bin.2_gene_247_4	C286			yes	pairwise		EHM034720|EHA02359_bin.2_gene_247_4 (5)	301		5/6	0/8	0/8		Tcp10_C	Pfam	Tcp10_C	1	1	1	1	0	1	0	0	0	0	0	0	0	0	0	0	0	0	0	0	0	0
C286:EHM034720|EHA02359_bin.2_gene_250_1	C286			yes	pairwise			28		5/6	0/8	0/8		DUF8683,UVR	Pfam	DUF8683,UVR	1	1	1	1	1	0	0	0	0	0	0	0	0	0	0	0	0	0	0	0	0	0
C286:EHM034720|EHA02359_bin.2_gene_253_2	C286			yes	pairwise			167		5/6	0/8	6/8		DUF456 domain-containing protein	ModelOrg_C286	DUF1269,DUF456,Gly_zipper,UCP018938	1	1	1	1	1	0	0	0	0	0	0	0	0	0	0	1	1	1	0	1	1	1
C286:EHM034720|EHA02359_bin.2_gene_254_19	C286			yes	pairwise			86		5/6	0/8	0/8		DUF6737	Pfam	DUF6737	1	1	1	1	0	1	0	0	0	0	0	0	0	0	0	0	0	0	0	0	0	0
C286:EHM034720|EHA02359_bin.2_gene_254_20	C286			yes	pairwise		EHM034720|EHA02359_bin.2_gene_254_20 (5)	100		5/6	0/8	0/8		Cullin_Nedd8,FixS	Pfam	Cullin_Nedd8,FixS	1	1	1	1	1	0	0	0	0	0	0	0	0	0	0	0	0	0	0	0	0	0
C286:EHM034720|EHA02359_bin.2_gene_2_2	C286			yes	pairwise		STP248.12601_R.bin.118|k141_129934_100 (2)	152		5/6	0/8	2/8					1	1	1	1	0	1	0	0	0	0	0	0	0	0	1	0	0	0	1	0	0	0
C286:EHM034720|EHA02359_bin.2_gene_2_6	C286			yes	pairwise			260		5/6	0/8	4/8		Beta-prop_BBS7,DUF2321	Pfam	Beta-prop_BBS7,DUF2321	1	1	1	1	1	0	0	0	0	0	0	0	0	0	1	1	0	0	1	1	0	0
C286:EHM034720|EHA02359_bin.2_gene_32_2	C286			yes	pairwise		EHM034692|EHA02331_bin.15_gene_55_33 (5)	176		5/6	0/8	8/8		Sel1,VIT	Pfam	Sel1,VIT	1	1	1	1	1	0	0	0	0	0	0	0	0	0	1	1	1	1	1	1	1	1
C286:EHM034720|EHA02359_bin.2_gene_33_2	C286			yes	pairwise		EHM034692|EHA02331_bin.15_gene_251_2 (5)	518		5/6	0/8	0/8		G6PD_C,G6PD_N	Pfam	G6PD_C,G6PD_N	1	1	1	1	1	0	0	0	0	0	0	0	0	0	0	0	0	0	0	0	0	0
C286:EHM034720|EHA02359_bin.2_gene_33_3	C286			yes	pairwise		EHM034674|EHA02355_bin.24_gene_45_1 (5)	358		5/6	0/8	0/8		DUF8715,OpcA_G6PD_assem,OpcA_G6PD_C	Pfam	DUF8715,OpcA_G6PD_assem,OpcA_G6PD_C	1	1	1	1	1	0	0	0	0	0	0	0	0	0	0	0	0	0	0	0	0	0
C286:EHM034720|EHA02359_bin.2_gene_41_1	C286			yes	pairwise		STP248.12601_R.bin.118|k141_540405_63 (5)	675		5/6	0/8	5/8		OMP_b-brl_3,Plug,TonB_dep_Rec_b-barrel	Pfam	OMP_b-brl_3,Plug,TonB_dep_Rec_b-barrel	1	1	1	1	0	1	0	0	0	0	0	0	0	0	1	0	1	1	1	1	0	0
C286:EHM034720|EHA02359_bin.2_gene_46_5	C286			yes	pairwise		EHM034720|EHA02359_bin.2_gene_46_5 (3)	295		5/6	0/8	0/8		Type I phosphodiesterase/nucleotide pyrophosphatase	ModelOrg_C286	Metalloenzyme,Phosphodiest,Sulfatase	1	1	1	1	0	1	0	0	0	0	0	0	0	0	0	0	0	0	0	0	0	0
C286:EHM034720|EHA02359_bin.2_gene_53_8	C286			yes	pairwise			196		5/6	0/8	0/8		ACT,ACT_4,ACT_ACR9_3rd,ACT_ACR_D1,bHLH-TF_ACT-like_plant	Pfam	ACT,ACT_4,ACT_ACR9_3rd,ACT_ACR_D1,bHLH-TF_ACT-like_plant	1	1	1	1	0	1	0	0	0	0	0	0	0	0	0	0	0	0	0	0	0	0
C286:EHM034720|EHA02359_bin.2_gene_55_23	C286			yes	pairwise		EHM034720|EHA02359_bin.2_gene_55_23 (7)	1010		5/6	0/8	2/8		Formylglycine-generating enzyme family protein	ModelOrg_C286	CBM_35,Cytochrome_CBB3,Cytochrom_C,HZS_alpha,Paired_CXXCH_1,PD40,Tricorn_N	1	1	1	1	0	1	0	0	0	0	0	0	0	0	0	0	0	0	1	1	0	0
C286:EHM034720|EHA02359_bin.2_gene_56_3	C286			yes	pairwise		EHM034674|EHA02355_bin.24_gene_66_8 (5)	116		5/6	0/8	0/8		DUF3240,Halo_RE,Nit_Regul_Hom,P-II	Pfam	DUF3240,Halo_RE,Nit_Regul_Hom,P-II	1	1	1	1	0	1	0	0	0	0	0	0	0	0	0	0	0	0	0	0	0	0
C286:EHM034720|EHA02359_bin.2_gene_76_19	C286			yes	pairwise		EHM034674|EHA02355_bin.24_gene_131_14 (4)	284		5/6	0/8	0/8					1	1	1	1	1	0	0	0	0	0	0	0	0	0	0	0	0	0	0	0	0	0
C286:EHM034720|EHA02359_bin.2_gene_76_21	C286			yes	pairwise		EHM034692|EHA02331_bin.15_gene_166_2 (5)	465		5/6	0/8	0/8		6PGD,NAD_binding_11,NAD_binding_2	Pfam	6PGD,NAD_binding_11,NAD_binding_2	1	1	1	1	1	0	0	0	0	0	0	0	0	0	0	0	0	0	0	0	0	0
C286:EHM034720|EHA02359_bin.2_gene_76_3	C286			yes	pairwise		EHM034674|EHA02355_bin.24_gene_114_6 (5)	177		5/6	0/8	0/8		N_methyl	Pfam	N_methyl	1	1	1	1	0	1	0	0	0	0	0	0	0	0	0	0	0	0	0	0	0	0
C286:EHM034720|EHA02359_bin.2_gene_76_4	C286			yes	pairwise		STP248.12601_R.bin.118|k141_540405_51 (5)	153		5/6	0/8	0/8		ABC_membrane_2,ComGE,N_methyl	Pfam	ABC_membrane_2,ComGE,N_methyl	1	1	1	1	0	1	0	0	0	0	0	0	0	0	0	0	0	0	0	0	0	0
C286:EHM034720|EHA02359_bin.2_gene_76_5	C286			yes	pairwise		STP248.12601_R.bin.118|k141_540405_52 (5)	329		5/6	0/8	0/8		Jiraiya,N_methyl	Pfam	Jiraiya,N_methyl	1	1	1	1	0	1	0	0	0	0	0	0	0	0	0	0	0	0	0	0	0	0
C286:EHM034720|EHA02359_bin.2_gene_76_6	C286			yes	pairwise		EHM034674|EHA02355_bin.24_gene_114_3 (5)	316		5/6	0/8	0/8		DUF1418,DUF8577,NCMAP,T2SSK_1st,UspB	Pfam	DUF1418,DUF8577,NCMAP,T2SSK_1st,UspB	1	1	1	1	0	1	0	0	0	0	0	0	0	0	0	0	0	0	0	0	0	0
C286:EHM034720|EHA02359_bin.2_gene_76_7	C286			yes	pairwise		EHM034692|EHA02331_bin.15_gene_219_2 (5)	421		5/6	0/8	0/8		Av_adeno_fibre	Pfam	Av_adeno_fibre	1	1	1	1	0	1	0	0	0	0	0	0	0	0	0	0	0	0	0	0	0	0
C286:EHM034720|EHA02359_bin.2_gene_7_8	C286			yes	pairwise		UHM1210.23070_R.bin.101|k141_44701_65 (5)	302		5/6	0/8	0/8		Arylesterase,DPPIV_N,Peptidase_S9_N,SGL,Str_synth,Vgb_lyase,WD40	Pfam	Arylesterase,DPPIV_N,Peptidase_S9_N,SGL,Str_synth,Vgb_lyase,WD40	1	1	1	1	1	0	0	0	0	0	0	0	0	0	0	0	0	0	0	0	0	0
C286:EHM034720|EHA02359_bin.2_gene_81_4	C286			yes	pairwise		EHM034720|EHA02359_bin.2_gene_81_4 (4)	216		5/6	0/8	0/8		HVO_2718_N,NinF,Zn_ribbon_4,Zn_Ribbon_TF	Pfam	HVO_2718_N,NinF,Zn_ribbon_4,Zn_Ribbon_TF	1	0	1	1	1	1	0	0	0	0	0	0	0	0	0	0	0	0	0	0	0	0
C286:EHM034720|EHA02359_bin.2_gene_94_28	C286			yes	pairwise		EHM034720|EHA02359_bin.2_gene_94_28 (4)	307		5/6	0/8	3/8		FHA,MU2_FHA,RHS_repeat,Yop-YscD_cpl	Pfam	FHA,MU2_FHA,RHS_repeat,Yop-YscD_cpl	1	1	1	1	1	0	0	0	0	0	0	0	0	0	1	1	0	0	0	1	0	0
C286:EHM034720|EHA02359_bin.2_gene_97_2	C286			yes	pairwise		EHM034692|EHA02331_bin.15_gene_62_26 (5)	376		5/6	0/8	0/8		Arylesterase,NHL,SGL,TrAA12	Pfam	Arylesterase,NHL,SGL,TrAA12	1	1	1	1	0	1	0	0	0	0	0	0	0	0	0	0	0	0	0	0	0	0
C286:EHM034720|EHA02359_bin.2_gene_97_3	C286			yes	pairwise		STP248.12601_R.bin.118|k141_588353_82 (6)	893		5/6	0/8	2/8		Cytochrome_C7,Cytochrome_CBB3,Cytochrom_CIII,HZS_alpha,Mtrc-MtrF_II-IV_dom,Paired_CXXCH_1,PD40,Tll0287-like	Pfam	Cytochrome_C7,Cytochrome_CBB3,Cytochrom_CIII,HZS_alpha,Mtrc-MtrF_II-IV_dom,Paired_CXXCH_1,PD40,Tll0287-like	1	1	1	1	0	1	0	0	0	0	0	0	0	0	0	0	0	0	1	1	0	0
C298:STP248.12601_R.bin.118|k141_129934_100	C298			yes	pairwise		STP248.12601_R.bin.118|k141_129934_100 (2)	150		5/6	0/8	2/8		FimA-like_C,YomR_C	Pfam	FimA-like_C,YomR_C	1	1	1	1	0	1	0	0	0	0	0	0	0	0	1	0	0	0	1	0	0	0
C298:STP248.12601_R.bin.118|k141_129934_20	C298			yes	pairwise		EHM034674|EHA02355_bin.24_gene_194_6 (5)	810		5/6	0/8	0/8		CARDB,Fn3-like,Glyco_hydro_3,Glyco_hydro_3_C,HYDIN_VesB_CFA65-like_Ig	Pfam	CARDB,Fn3-like,Glyco_hydro_3,Glyco_hydro_3_C,HYDIN_VesB_CFA65-like_Ig	1	1	1	1	0	1	0	0	0	0	0	0	0	0	0	0	0	0	0	0	0	0
C298:STP248.12601_R.bin.118|k141_129934_82	C298			yes	pairwise			939		5/6	0/8	6/8		Beta-galactosidase	ModelOrg_C298	Glyco_hydro_2,Glyco_hydro_2_N,Glyco_hydro_2_N2	0	1	1	1	1	1	0	0	0	0	0	0	0	0	1	0	1	1	0	1	1	1
C298:STP248.12601_R.bin.118|k141_129934_91	C298			yes	pairwise		EHM034692|EHA02331_bin.15_gene_229_5 (5)	281		5/6	0/8	0/8		KduI	Pfam	KduI	0	1	1	1	1	1	0	0	0	0	0	0	0	0	0	0	0	0	0	0	0	0
C298:STP248.12601_R.bin.118|k141_129934_92	C298			yes	pairwise		EHM034692|EHA02331_bin.15_gene_179_2 (5)	739		5/6	0/8	0/8		Glycosyl hydrolase family 88	ModelOrg_C298	DUF4861,Glyco_hydro_88	0	1	1	1	1	1	0	0	0	0	0	0	0	0	0	0	0	0	0	0	0	0
C298:STP248.12601_R.bin.118|k141_417709_118	C298			yes	pairwise		STP248.12601_R.bin.118|k141_417709_118 (5)	145		5/6	0/8	2/8		CRCB,Frag1	Pfam	CRCB,Frag1	1	1	1	1	0	1	0	0	0	0	0	0	0	0	1	0	0	0	1	0	0	0
C298:STP248.12601_R.bin.118|k141_417709_68	C298			yes	pairwise		EHM034720|EHA02359_bin.2_gene_236_5 (2)	269		5/6	0/8	2/8		CbiK,CbiX,Ferrochelatase	Pfam	CbiK,CbiX,Ferrochelatase	1	1	1	0	1	1	0	0	0	0	0	0	0	0	0	0	0	0	1	1	0	0
C298:STP248.12601_R.bin.118|k141_465240_9	C298			yes	pairwise		EHM034674|EHA02355_bin.24_gene_66_8 (5)	118		5/6	0/8	0/8		CdAMP_rec,DUF2344,DUF3240,Halo_RE,Nit_Regul_Hom,P-II,Ribosomal_bL9m_C	Pfam	CdAMP_rec,DUF2344,DUF3240,Halo_RE,Nit_Regul_Hom,P-II,Ribosomal_bL9m_C	1	1	1	1	0	1	0	0	0	0	0	0	0	0	0	0	0	0	0	0	0	0
C298:STP248.12601_R.bin.118|k141_483842_16	C298			yes	pairwise			301		5/6	0/8	0/8		Endonuclease/exonuclease/phosphatase	ModelOrg_C298	Exo_endo_phos,Exo_endo_phos2,Exo_endo_phos_PGAP2IP	1	1	1	1	0	1	0	0	0	0	0	0	0	0	0	0	0	0	0	0	0	0
C298:STP248.12601_R.bin.118|k141_483842_34	C298			yes	pairwise		UHM1073.23039_R.bin.125|k141_405036_61 (2)	171		5/6	0/8	3/8		Acetyltransf_1,Acetyltransf_10,Acetyltransf_7,Acetyltransf_9,DUF1999,FR47	Pfam	Acetyltransf_1,Acetyltransf_10,Acetyltransf_7,Acetyltransf_9,DUF1999,FR47	1	1	1	1	0	1	0	0	0	0	0	0	0	0	1	0	0	0	0	1	0	1
C298:STP248.12601_R.bin.118|k141_483842_37	C298			yes	pairwise		STP248.12601_R.bin.118|k141_483842_37 (12)	487		5/6	0/8	0/8		DUF2194,DUF4159,IFT52_GIFT	Pfam	DUF2194,DUF4159,IFT52_GIFT	0	1	1	1	1	1	0	0	0	0	0	0	0	0	0	0	0	0	0	0	0	0
C298:STP248.12601_R.bin.118|k141_500071_4	C298			yes	pairwise		STP248.12601_R.bin.118|k141_500071_4 (2)	831		5/6	0/8	2/8		Formylglycine-generating enzyme family protein	ModelOrg_C298	Cytochrome_C7,Cytochrome_CBB3,Cytochrom_C,Cytochrom_c3_2,Cytochrom_CIII,DPPIV_N,Haem_bd,HZS_alpha,Paired_CXXCH_1,PccH,PD40,Tll0287-like,Tricorn_2nd,Tricorn_N	1	1	1	1	0	1	0	0	0	0	0	0	0	0	0	0	0	0	1	1	0	0
C298:STP248.12601_R.bin.118|k141_505779_68	C298			yes	pairwise		UHM1073.23039_R.bin.125|k141_327978_140 (5)	171		5/6	0/8	6/8					1	1	1	1	0	1	0	0	0	0	0	0	0	0	1	1	0	1	0	1	1	1
C298:STP248.12601_R.bin.118|k141_520429_36	C298			yes	pairwise		STP248.12601_R.bin.118|k141_520429_36 (4)	321		5/6	0/8	0/8		Asp_protease,Asp_protease_2,gag-asp_proteas,NarE,PE-PGRS_C,RVP	Pfam	Asp_protease,Asp_protease_2,gag-asp_proteas,NarE,PE-PGRS_C,RVP	0	1	1	1	1	1	0	0	0	0	0	0	0	0	0	0	0	0	0	0	0	0
C298:STP248.12601_R.bin.118|k141_520429_37	C298			yes	pairwise			357		5/6	0/8	6/8		Arc_PepC_II,Dockerin_1,DUF7151,EF-hand_1,EF-hand_5,EF-hand_6,EF-hand_7,EF-hand_8,HEPN_AbiU2,MgtS-like,SPARC_Ca_bdg,TP_0598_N	Pfam	Arc_PepC_II,Dockerin_1,DUF7151,EF-hand_1,EF-hand_5,EF-hand_6,EF-hand_7,EF-hand_8,HEPN_AbiU2,MgtS-like,SPARC_Ca_bdg,TP_0598_N	1	1	1	1	0	1	0	0	0	0	0	0	0	0	1	1	0	1	1	1	1	0
C298:STP248.12601_R.bin.118|k141_540405_121	C298			yes	pairwise			606		5/6	0/8	4/8		Putative surface layer protein, with cytochrome c domain	ModelOrg_C298	CCP_MauG,Cytochrome_C7,Cytochrome_CBB3,Cytochrom_C,Cytochrom_C550,DHOR,DUF1924,KPWE_dom,LolA,MCR,Mtrc-MtrF_II-IV_dom,Reg_prop,RoxA-like_Cyt-c,YNCE	1	1	1	1	0	1	0	0	0	0	0	0	0	0	1	1	0	0	1	1	0	0
C298:STP248.12601_R.bin.118|k141_540405_132	C298			yes	pairwise		EHM034692|EHA02331_bin.15_gene_156_10 (5)	205		5/6	0/8	3/8					1	1	1	1	0	1	0	0	0	0	0	0	0	0	1	1	0	0	1	0	0	0
C298:STP248.12601_R.bin.118|k141_540405_186	C298			yes	pairwise			84		5/6	0/8	1/8		Entericidin EcnAB	ModelOrg_C298	Entericidin,Filo_glycop	1	1	1	1	0	1	0	0	0	0	0	0	0	0	0	1	0	0	0	0	0	0
C298:STP248.12601_R.bin.118|k141_540405_40	C298			yes	pairwise		EHM034674|EHA02355_bin.24_gene_100_2 (4)	441		5/6	0/8	0/8		Sialate O-acetylesterase domain-containing protein	ModelOrg_C298	SASA	1	1	1	1	0	1	0	0	0	0	0	0	0	0	0	0	0	0	0	0	0	0
C298:STP248.12601_R.bin.118|k141_540405_48	C298			yes	pairwise		STP248.12601_R.bin.118|k141_540405_48 (4)	335		5/6	0/8	0/8		Gln-synt_C,Gln-synt_N	Pfam	Gln-synt_C,Gln-synt_N	1	1	1	1	0	1	0	0	0	0	0	0	0	0	0	0	0	0	0	0	0	0
C298:STP248.12601_R.bin.118|k141_540405_50	C298			yes	pairwise		EHM034674|EHA02355_bin.24_gene_114_6 (5)	179		5/6	0/8	0/8		N_methyl	Pfam	N_methyl	1	1	1	1	0	1	0	0	0	0	0	0	0	0	0	0	0	0	0	0	0	0
C298:STP248.12601_R.bin.118|k141_540405_51	C298			yes	pairwise		STP248.12601_R.bin.118|k141_540405_51 (5)	147		5/6	0/8	0/8		Chol_subst-bind	Pfam	Chol_subst-bind	1	1	1	1	0	1	0	0	0	0	0	0	0	0	0	0	0	0	0	0	0	0
C298:STP248.12601_R.bin.118|k141_540405_52	C298			yes	pairwise		STP248.12601_R.bin.118|k141_540405_52 (5)	268		5/6	0/8	0/8		N_methyl	Pfam	N_methyl	1	1	1	1	0	1	0	0	0	0	0	0	0	0	0	0	0	0	0	0	0	0
C298:STP248.12601_R.bin.118|k141_540405_53	C298			yes	pairwise		EHM034674|EHA02355_bin.24_gene_114_3 (5)	313		5/6	0/8	0/8		DUF6335,SAM_BAF,T2SSK_1st	Pfam	DUF6335,SAM_BAF,T2SSK_1st	1	1	1	1	0	1	0	0	0	0	0	0	0	0	0	0	0	0	0	0	0	0
C298:STP248.12601_R.bin.118|k141_540405_54	C298			yes	pairwise		EHM034692|EHA02331_bin.15_gene_219_2 (5)	422		5/6	0/8	0/8					1	1	1	1	0	1	0	0	0	0	0	0	0	0	0	0	0	0	0	0	0	0
C298:STP248.12601_R.bin.118|k141_540405_63	C298			yes	pairwise		STP248.12601_R.bin.118|k141_540405_63 (5)	706		5/6	0/8	5/8		OMP_b-brl_3,Plug,TonB_dep_Rec_b-barrel	Pfam	OMP_b-brl_3,Plug,TonB_dep_Rec_b-barrel	1	1	1	1	0	1	0	0	0	0	0	0	0	0	1	0	1	1	1	1	0	0
C298:STP248.12601_R.bin.118|k141_540405_79	C298			yes	pairwise		STP248.12601_R.bin.118|k141_540405_79 (4)	229		5/6	0/8	2/8		Met_synt_B12	Pfam	Met_synt_B12	1	1	1	1	0	1	0	0	0	0	0	0	0	0	0	0	0	0	1	1	0	0
C298:STP248.12601_R.bin.118|k141_540405_86	C298			yes	pairwise		EHM034674|EHA02355_bin.24_gene_194_6 (5)	797		5/6	0/8	0/8		Bbp16,CARDB,DUF8726,Fn3-like,Glyco_hydro_3,Glyco_hydro_3_C,TrmB-TrmBL1_EBD_C,UDPG_MGDP_dh_C	Pfam	Bbp16,CARDB,DUF8726,Fn3-like,Glyco_hydro_3,Glyco_hydro_3_C,TrmB-TrmBL1_EBD_C,UDPG_MGDP_dh_C	0	1	1	1	1	1	0	0	0	0	0	0	0	0	0	0	0	0	0	0	0	0
C298:STP248.12601_R.bin.118|k141_540405_93	C298			yes	pairwise			3436		5/6	0/8	7/8		AMG1_III,CUB_M02D8_5_2nd,PATR	Pfam	AMG1_III,CUB_M02D8_5_2nd,PATR	0	1	1	1	1	1	0	0	0	0	0	0	0	0	1	0	1	1	1	1	1	1
C298:STP248.12601_R.bin.118|k141_557158_38	C298			yes	pairwise			925		5/6	0/8	8/8		Glycoside hydrolase family 2 sugar binding	ModelOrg_C298	BetaGal_ABD2,BetaGal_gal-bd,DUF8487,DUF8488,Glyco_hydro_2,Glyco_hydro_2_C,Glyco_hydro_2_N,Glyco_hydro_2_N2,LacZ_4,WxLIP_PGBD	0	1	1	1	1	1	0	0	0	0	0	0	0	0	1	1	1	1	1	1	1	1
C298:STP248.12601_R.bin.118|k141_563334_30	C298			yes	pairwise		EHM034674|EHA02355_bin.24_gene_156_7 (7)	464		5/6	0/8	0/8		ELG1_middle,Utp21	Pfam	ELG1_middle,Utp21	1	1	1	1	0	1	0	0	0	0	0	0	0	0	0	0	0	0	0	0	0	0
C298:STP248.12601_R.bin.118|k141_588353_110	C298			yes	pairwise		UHM1073.23039_R.bin.125|k141_27918_71 (3)	222		5/6	0/8	1/8		CpsB_CapC	Pfam	CpsB_CapC	0	1	1	1	1	1	0	0	0	0	0	0	0	0	0	0	1	0	0	0	0	0
C298:STP248.12601_R.bin.118|k141_588353_61	C298			yes	pairwise		STP248.12601_R.bin.118|k141_588353_61 (5)	296		5/6	0/8	8/8					0	1	1	1	1	1	0	0	0	0	0	0	0	0	1	1	1	1	1	1	1	1
C298:STP248.12601_R.bin.118|k141_588353_77	C298			yes	pairwise		EHM034692|EHA02331_bin.15_gene_62_26 (5)	380		5/6	0/8	0/8		Arylesterase,Beta-prop_Rol-3,DUF7055,NHL,SGL,Vgb_lyase	Pfam	Arylesterase,Beta-prop_Rol-3,DUF7055,NHL,SGL,Vgb_lyase	1	1	1	1	0	1	0	0	0	0	0	0	0	0	0	0	0	0	0	0	0	0
C298:STP248.12601_R.bin.118|k141_588353_82	C298			yes	pairwise		STP248.12601_R.bin.118|k141_588353_82 (6)	884		5/6	0/8	2/8		Cytochrome_C7,Cytochrom_CIII,HZS_alpha,Paired_CXXCH_1,PccH,PD40,Tricorn_N	Pfam	Cytochrome_C7,Cytochrom_CIII,HZS_alpha,Paired_CXXCH_1,PccH,PD40,Tricorn_N	1	1	1	1	0	1	0	0	0	0	0	0	0	0	0	0	0	0	1	1	0	0
C298:STP248.12601_R.bin.118|k141_588353_99	C298			yes	pairwise		EHM034692|EHA02331_bin.15_gene_246_2 (5)	336		5/6	0/8	0/8		ATPgrasp_N,Meth_synt_1,URO-D	Pfam	ATPgrasp_N,Meth_synt_1,URO-D	1	1	1	1	0	1	0	0	0	0	0	0	0	0	0	0	0	0	0	0	0	0
C298:STP248.12601_R.bin.118|k141_624970_22	C298			yes	pairwise			416		5/6	0/8	7/8		Type II secretion system protein	ModelOrg_C298	Baculo_11_kDa,Bac_export_2,bPH_10,CoV_NSP3_C,DHHC,DUF3671,FtsX,HemY_N,Insulin_TMD,Orf78,Sigma70_ner,T2SSF,T2SSF_N	1	1	1	1	0	1	0	0	0	0	0	0	0	0	0	1	1	1	1	1	1	1
C298:STP248.12601_R.bin.118|k141_642822_22	C298			yes	pairwise			1590		5/6	0/8	5/8		Outer membrane autotransporter barrel domain protein	ModelOrg_C298	NtrZ,PATR	1	1	1	0	1	1	0	0	0	0	0	0	0	0	1	0	1	0	0	1	1	1
C298:STP248.12601_R.bin.118|k141_642822_6	C298			yes	pairwise		STP248.12601_R.bin.118|k141_642822_6 (3)	911		5/6	0/8	0/8		ACT,ACT_4,ACT_ACR9_3rd,ACT_ACR_D1,bHLH-TF_ACT-like_plant,GlnD_3rd,GlnD_UR_UTase,HD,NTP_transf_2	Pfam	ACT,ACT_4,ACT_ACR9_3rd,ACT_ACR_D1,bHLH-TF_ACT-like_plant,GlnD_3rd,GlnD_UR_UTase,HD,NTP_transf_2	1	1	1	1	0	1	0	0	0	0	0	0	0	0	0	0	0	0	0	0	0	0
C298:STP248.12601_R.bin.118|k141_649852_9	C298			yes	pairwise		EHM034720|EHA02359_bin.2_gene_55_23 (7)	994		5/6	0/8	2/8		CBM_35,Cytochrome_CBB3,Cytochrom_C,Cytochrom_CIII,HZS_alpha,Paired_CXXCH_1,PD40,Tll0287-like,Tricorn_N	Pfam	CBM_35,Cytochrome_CBB3,Cytochrom_C,Cytochrom_CIII,HZS_alpha,Paired_CXXCH_1,PD40,Tll0287-like,Tricorn_N	1	1	1	1	0	1	0	0	0	0	0	0	0	0	0	0	0	0	1	1	0	0
C298:STP248.12601_R.bin.118|k141_745868_12	C298			yes	pairwise			244		5/6	0/8	0/8		Auto_anti-p27,JCAD,zf-dskA_traR,Zn_ribbon_11	Pfam	Auto_anti-p27,JCAD,zf-dskA_traR,Zn_ribbon_11	1	0	1	1	1	1	0	0	0	0	0	0	0	0	0	0	0	0	0	0	0	0
C298:STP248.12601_R.bin.118|k141_745868_25	C298			yes	pairwise		EHM034720|EHA02359_bin.2_gene_152_8 (5)	665		5/6	0/8	0/8		HEAT_Nup120,TPR_2,TPR_30	Pfam	HEAT_Nup120,TPR_2,TPR_30	1	1	1	1	0	1	0	0	0	0	0	0	0	0	0	0	0	0	0	0	0	0
C298:STP248.12601_R.bin.118|k141_76108_23	C298			yes	pairwise		EHM034720|EHA02359_bin.2_gene_186_7 (5)	758		5/6	0/8	0/8		BAAT_C,BD-FAE,DLH,DPPIV_N,Esterase,Hydrolase_4,PD40,Peptidase_S15,Peptidase_S9	Pfam	BAAT_C,BD-FAE,DLH,DPPIV_N,Esterase,Hydrolase_4,PD40,Peptidase_S15,Peptidase_S9	1	1	1	1	0	1	0	0	0	0	0	0	0	0	0	0	0	0	0	0	0	0
C298:STP248.12601_R.bin.118|k141_769723_105	C298			yes	pairwise			336		5/6	0/8	1/8		PI3K_p85B,URO-D	Pfam	PI3K_p85B,URO-D	1	1	1	1	0	1	0	0	0	0	0	0	0	0	0	0	0	0	1	0	0	0
C298:STP248.12601_R.bin.118|k141_769723_22	C298			yes	pairwise		EHM034720|EHA02359_bin.2_gene_190_8 (13)	847		5/6	0/8	0/8		Fn3-like,GLEYA,Glyco_hydro_3,Glyco_hydro_3_C,IL13,PA14	Pfam	Fn3-like,GLEYA,Glyco_hydro_3,Glyco_hydro_3_C,IL13,PA14	0	1	1	1	1	1	0	0	0	0	0	0	0	0	0	0	0	0	0	0	0	0
C298:STP248.12601_R.bin.118|k141_769723_58	C298			yes	pairwise		EHM034720|EHA02359_bin.2_gene_190_8 (13)	747		5/6	0/8	0/8		DUF8043,Fn3-like,Glyco_hydro_3,Glyco_hydro_3_C	Pfam	DUF8043,Fn3-like,Glyco_hydro_3,Glyco_hydro_3_C	1	1	1	1	0	1	0	0	0	0	0	0	0	0	0	0	0	0	0	0	0	0
C298:STP248.12601_R.bin.118|k141_771786_24	C298			yes	pairwise			1508		5/6	0/8	7/8		Autotransporter	Pfam	Autotransporter	1	1	1	1	0	1	0	0	0	0	0	0	0	0	1	0	1	1	1	1	1	1
C298:STP248.12601_R.bin.118|k141_772933_3	C298			yes	pairwise			220		5/6	0/8	7/8		Bactofilin,DmmA-like_C,DUF8455,HypA,Ice_binding,OapC,Zn_ribbon_NOB1	Pfam	Bactofilin,DmmA-like_C,DUF8455,HypA,Ice_binding,OapC,Zn_ribbon_NOB1	1	1	1	1	0	1	0	0	0	0	0	0	0	0	0	1	1	1	1	1	1	1
C298:STP248.12601_R.bin.118|k141_772933_68	C298			yes	pairwise		UHM1210.23070_R.bin.101|k141_1015956_32 (5)	292		5/6	0/8	0/8		Form_Nir_trans	Pfam	Form_Nir_trans	0	1	1	1	1	1	0	0	0	0	0	0	0	0	0	0	0	0	0	0	0	0
C298:STP248.12601_R.bin.118|k141_879507_14	C298			yes	pairwise		EHM034720|EHA02359_bin.2_gene_202_2 (5)	168		5/6	0/8	3/8		DEDDh_C,DNA_pol_A_exo1,RNase_T,Rv2179c-like	Pfam	DEDDh_C,DNA_pol_A_exo1,RNase_T,Rv2179c-like	1	1	1	1	0	1	0	0	0	0	0	0	0	0	0	1	0	1	0	0	0	1
C298:STP248.12601_R.bin.118|k141_879507_8	C298			yes	pairwise		EHM034692|EHA02331_bin.15_gene_286_3 (6)	277		5/6	0/8	1/8		CCDC66,CLN3,F5_F8_type_C,F5_F8_type_C_2,HpsJ	Pfam	CCDC66,CLN3,F5_F8_type_C,F5_F8_type_C_2,HpsJ	1	1	1	1	0	1	0	0	0	0	0	0	0	0	0	0	0	0	0	1	0	0
C298:STP248.12601_R.bin.118|k141_904984_11	C298			yes	pairwise			221		5/6	0/8	8/8					0	1	1	1	1	1	0	0	0	0	0	0	0	0	1	1	1	1	1	1	1	1
C298:STP248.12601_R.bin.118|k141_904984_20	C298			yes	pairwise		EHM034674|EHA02355_bin.24_gene_75_8 (5)	204		5/6	0/8	5/8		HTH_23,HTH_29,Tea_mid	Pfam	HTH_23,HTH_29,Tea_mid	0	1	1	1	1	1	0	0	0	0	0	0	0	0	1	0	1	1	1	0	0	1
C298:STP248.12601_R.bin.118|k141_923502_65	C298			yes	pairwise		EHM034720|EHA02359_bin.2_gene_46_5 (3)	295		5/6	0/8	0/8		Metalloenzyme,Phosphodiest,Sulfatase,vWA-TerF-like	Pfam	Metalloenzyme,Phosphodiest,Sulfatase,vWA-TerF-like	1	1	1	1	0	1	0	0	0	0	0	0	0	0	0	0	0	0	0	0	0	0
C298:STP248.12601_R.bin.118|k141_923502_7	C298			yes	pairwise		EHM034720|EHA02359_bin.2_gene_247_4 (5)	324		5/6	0/8	0/8					1	1	1	1	0	1	0	0	0	0	0	0	0	0	0	0	0	0	0	0	0	0
C298:STP248.12601_R.bin.118|k141_958820_53	C298			yes	pairwise		EHM034692|EHA02331_bin.15_gene_58_4 (2)	134		5/6	0/8	1/8		Sex_peptide	Pfam	Sex_peptide	1	1	1	1	0	1	0	0	0	0	0	0	0	0	0	0	0	0	0	1	0	0
C298:STP248.12601_R.bin.118|k141_962093_11	C298			yes	pairwise		STP248.12601_R.bin.118|k141_962093_11 (3)	318		5/6	0/8	8/8		DUF6268 domain-containing protein	ModelOrg_C298	DUF6268,OMP_b-brl_2,PagL	1	1	1	0	1	1	0	0	0	0	0	0	0	0	1	1	1	1	1	1	1	1
C298:STP248.12601_R.bin.118|k141_962093_21	C298			yes	pairwise		UHM1210.23070_R.bin.101|k141_102944_12 (5)	212		5/6	0/8	2/8		HTH_24,HTH_AsnC-type,TetR_C_11,TetR_C_13,TetR_C_2,TetR_N	Pfam	HTH_24,HTH_AsnC-type,TetR_C_11,TetR_C_13,TetR_C_2,TetR_N	0	1	1	1	1	1	0	0	0	0	0	0	0	0	1	0	0	0	0	0	0	1
C298:STP248.12601_R.bin.118|k141_962093_4	C298			yes	pairwise		STP248.12601_R.bin.118|k141_962093_4 (4)	765		5/6	0/8	0/8		AP_endonuc_2	Pfam	AP_endonuc_2	1	1	1	1	0	1	0	0	0	0	0	0	0	0	0	0	0	0	0	0	0	0
C288:UHM1073.23039_R.bin.125|k141_197029_12	C288			yes	pairwise		EHM034674|EHA02355_bin.24_gene_156_7 (7)	453		5/6	0/8	0/8		HEAT_2,RPAP1_N	Pfam	HEAT_2,RPAP1_N	1	1	1	1	0	1	0	0	0	0	0	0	0	0	0	0	0	0	0	0	0	0
C288:UHM1073.23039_R.bin.125|k141_197029_3	C288			yes	pairwise		EHM034720|EHA02359_bin.2_gene_190_8 (13)	881		5/6	0/8	0/8		CARDB,Fn3-like,GLEYA,Glyco_hydro_3,Glyco_hydro_3_C,PA14,SAMP2	Pfam	CARDB,Fn3-like,GLEYA,Glyco_hydro_3,Glyco_hydro_3_C,PA14,SAMP2	0	1	1	1	1	1	0	0	0	0	0	0	0	0	0	0	0	0	0	0	0	0
C288:UHM1073.23039_R.bin.125|k141_200691_1	C288			yes	pairwise		UHM1073.23039_R.bin.125|k141_200691_1 (2)	121		5/6	0/8	0/8		ALMT,CDC45,DDHD,DUF6739,GlpR,MDM10,NPR3,PF3D7_1223600_M,Presenilin,Raftlin,SLC12,SLC52_ribofla_tr,TP_0598_N,TRM10_TRM10A,Trypan_PARP,VID28_C	Pfam	ALMT,CDC45,DDHD,DUF6739,GlpR,MDM10,NPR3,PF3D7_1223600_M,Presenilin,Raftlin,SLC12,SLC52_ribofla_tr,TP_0598_N,TRM10_TRM10A,Trypan_PARP,VID28_C	1	1	1	0	1	1	0	0	0	0	0	0	0	0	0	0	0	0	0	0	0	0
C288:UHM1073.23039_R.bin.125|k141_215613_12	C288			yes	pairwise			898		5/6	0/8	1/8		PATR	Pfam	PATR	0	1	1	1	1	1	0	0	0	0	0	0	0	0	0	0	0	0	0	1	0	0
C288:UHM1073.23039_R.bin.125|k141_215613_4	C288			yes	pairwise			1450		5/6	0/8	3/8		DUF7402,DUF8816,F5_F8_type_C,F5_F8_type_C_2,GLEYA,PA14	Pfam	DUF7402,DUF8816,F5_F8_type_C,F5_F8_type_C_2,GLEYA,PA14	1	1	1	1	1	0	0	0	0	0	0	0	0	0	0	1	0	0	1	1	0	0
C288:UHM1073.23039_R.bin.125|k141_223244_108	C288			yes	pairwise		EHM034692|EHA02331_bin.15_gene_24_26 (3)	445		5/6	0/8	0/8		Glycosyl hydrolase family 88	ModelOrg_C288	C5-epim_C,Glyco_hydro_76,Glyco_hydro_88	0	1	1	1	1	1	0	0	0	0	0	0	0	0	0	0	0	0	0	0	0	0
C288:UHM1073.23039_R.bin.125|k141_223244_124	C288			yes	pairwise		EHM034692|EHA02331_bin.15_gene_214_14 (3)	150		5/6	0/8	7/8		ExbD	Pfam	ExbD	1	1	1	1	1	0	0	0	0	0	0	0	0	0	1	1	0	1	1	1	1	1
C288:UHM1073.23039_R.bin.125|k141_223244_133	C288			yes	pairwise		EHM034674|EHA02355_bin.24_gene_100_2 (4)	456		5/6	0/8	0/8		Sialate O-acetylesterase domain-containing protein	ModelOrg_C288	ATG30_helical,SASA,Sorb	1	1	1	1	0	1	0	0	0	0	0	0	0	0	0	0	0	0	0	0	0	0
C288:UHM1073.23039_R.bin.125|k141_223244_69	C288			yes	pairwise		STP248.12601_R.bin.118|k141_520429_36 (4)	328		5/6	0/8	0/8		Adeno_hexon,Asp_protease_2,gag-asp_proteas,PE-PGRS_C,RVP	Pfam	Adeno_hexon,Asp_protease_2,gag-asp_proteas,PE-PGRS_C,RVP	0	1	1	1	1	1	0	0	0	0	0	0	0	0	0	0	0	0	0	0	0	0
C288:UHM1073.23039_R.bin.125|k141_223244_7	C288			yes	pairwise		EHM034720|EHA02359_bin.2_gene_55_23 (7)	841		5/6	0/8	2/8		Formylglycine-generating enzyme family protein	ModelOrg_C288	Beta-prop_ApeH-3,Cytochrome_C7,Cytochrome_CBB3,Cytochrom_c3_2,HZS_alpha,Mtrc-MtrF_II-IV_dom,Paired_CXXCH_1,PD40,Tricorn_N	0	1	1	1	1	1	0	0	0	0	0	0	0	0	0	0	0	0	1	1	0	0
C288:UHM1073.23039_R.bin.125|k141_223244_84	C288			yes	pairwise		EHM034720|EHA02359_bin.2_gene_247_4 (5)	321		5/6	0/8	0/8					1	1	1	1	0	1	0	0	0	0	0	0	0	0	0	0	0	0	0	0	0	0
C288:UHM1073.23039_R.bin.125|k141_223244_95	C288			yes	pairwise		EHM034674|EHA02355_bin.24_gene_41_5 (3)	432		5/6	0/8	0/8					1	1	1	1	0	1	0	0	0	0	0	0	0	0	0	0	0	0	0	0	0	0
C288:UHM1073.23039_R.bin.125|k141_227938_29	C288			yes	pairwise		STP248.12601_R.bin.118|k141_540405_79 (4)	251		5/6	0/8	2/8		Met_synt_B12	Pfam	Met_synt_B12	1	1	1	1	0	1	0	0	0	0	0	0	0	0	0	0	0	0	1	1	0	0
C288:UHM1073.23039_R.bin.125|k141_227938_30	C288			yes	pairwise		EHM034692|EHA02331_bin.15_gene_246_2 (5)	337		5/6	0/8	0/8		URO-D	Pfam	URO-D	1	1	1	1	0	1	0	0	0	0	0	0	0	0	0	0	0	0	0	0	0	0
C288:UHM1073.23039_R.bin.125|k141_228062_126	C288			yes	pairwise		UHM1210.23070_R.bin.101|k141_102944_1 (2)	2886		5/6	0/8	1/8		DUF8711,Rod_CreS,TPS	Pfam	DUF8711,Rod_CreS,TPS	0	1	1	1	1	1	0	0	0	0	0	0	0	0	0	0	0	0	0	1	0	0
C288:UHM1073.23039_R.bin.125|k141_228062_76	C288			yes	pairwise		STP248.12601_R.bin.118|k141_962093_4 (4)	957		5/6	0/8	0/8		AP_endonuc_2,DUF1349,Glyco_hydro_36N	Pfam	AP_endonuc_2,DUF1349,Glyco_hydro_36N	1	1	1	1	0	1	0	0	0	0	0	0	0	0	0	0	0	0	0	0	0	0
C288:UHM1073.23039_R.bin.125|k141_228062_91	C288			yes	pairwise		EHM034720|EHA02359_bin.2_gene_254_20 (5)	101		5/6	0/8	0/8		Oleosin	Pfam	Oleosin	1	1	1	1	1	0	0	0	0	0	0	0	0	0	0	0	0	0	0	0	0	0
C288:UHM1073.23039_R.bin.125|k141_248016_9	C288			yes	pairwise			53		5/6	0/8	4/8		Autotransporter	Pfam	Autotransporter	1	1	1	1	0	1	0	0	0	0	0	0	0	0	1	0	0	0	1	1	1	0
C288:UHM1073.23039_R.bin.125|k141_27918_10	C288			yes	pairwise		EHM034720|EHA02359_bin.2_gene_186_7 (5)	747		5/6	0/8	0/8		BAAT_C,BD-FAE,DLH,DPPIV_N,Esterase,Hydrolase_4,PD40,Peptidase_S15,Peptidase_S9,PKD,Tricorn_N	Pfam	BAAT_C,BD-FAE,DLH,DPPIV_N,Esterase,Hydrolase_4,PD40,Peptidase_S15,Peptidase_S9,PKD,Tricorn_N	1	1	1	1	0	1	0	0	0	0	0	0	0	0	0	0	0	0	0	0	0	0
C288:UHM1073.23039_R.bin.125|k141_27918_71	C288			yes	pairwise		UHM1073.23039_R.bin.125|k141_27918_71 (3)	218		5/6	0/8	1/8		protein-tyrosine-phosphatase	ModelOrg_C288	BU584_C,CpsB_CapC,DUF8523	0	1	1	1	1	1	0	0	0	0	0	0	0	0	0	0	1	0	0	0	0	0
C288:UHM1073.23039_R.bin.125|k141_293949_31	C288			yes	pairwise			500		5/6	0/8	3/8		Terpene cyclase/mutase family protein	ModelOrg_C288	Pec_lyase,SQHop_cyclase_C,SQHop_cyclase_N,Ulvan_lyase_N	0	1	1	1	1	1	0	0	0	0	0	0	0	0	1	1	0	0	0	1	0	0
C288:UHM1073.23039_R.bin.125|k141_293949_48	C288			yes	pairwise		EHM034720|EHA02359_bin.2_gene_55_23 (7)	1008		5/6	0/8	2/8		Formylglycine-generating enzyme family protein	ModelOrg_C288	CBM_35,Cytochrome_C7,Cytochrome_CBB3,Cytochrom_C,HZS_alpha,Paired_CXXCH_1,PD40,Tricorn_N	1	1	1	1	0	1	0	0	0	0	0	0	0	0	0	0	0	0	1	1	0	0
C288:UHM1073.23039_R.bin.125|k141_293949_56	C288			yes	pairwise		EHM034692|EHA02331_bin.15_gene_206_18 (3)	436		5/6	0/8	4/8		Squalene cyclase C-terminal domain-containing protein	ModelOrg_C288	DUF829,SQHop_cyclase_C,SQHop_cyclase_N,TED_complement	1	1	1	1	1	0	0	0	0	0	0	0	0	0	1	1	0	0	1	1	0	0
C288:UHM1073.23039_R.bin.125|k141_293949_58	C288			yes	pairwise		UHM1073.23039_R.bin.125|k141_293949_58 (2)	505		5/6	0/8	8/8		Peptidase M60 domain-containing protein	ModelOrg_C288	DUF6055,M60-like_N,Peptidase_M60	1	1	1	1	0	1	0	0	0	0	0	0	0	0	1	1	1	1	1	1	1	1
C288:UHM1073.23039_R.bin.125|k141_311317_145	C288			yes	pairwise		EHM034674|EHA02355_bin.24_gene_114_7 (3)	148		5/6	0/8	0/8		Myb_DNA-bind_4,N_methyl,T2SSG	Pfam	Myb_DNA-bind_4,N_methyl,T2SSG	1	1	1	1	0	1	0	0	0	0	0	0	0	0	0	0	0	0	0	0	0	0
C288:UHM1073.23039_R.bin.125|k141_311317_146	C288			yes	pairwise		EHM034674|EHA02355_bin.24_gene_114_6 (5)	177		5/6	0/8	0/8		LidA_Long_CC,N_methyl	Pfam	LidA_Long_CC,N_methyl	1	1	1	1	0	1	0	0	0	0	0	0	0	0	0	0	0	0	0	0	0	0
C288:UHM1073.23039_R.bin.125|k141_311317_147	C288			yes	pairwise		STP248.12601_R.bin.118|k141_540405_51 (5)	150		5/6	0/8	0/8					1	1	1	1	0	1	0	0	0	0	0	0	0	0	0	0	0	0	0	0	0	0
C288:UHM1073.23039_R.bin.125|k141_311317_148	C288			yes	pairwise		STP248.12601_R.bin.118|k141_540405_52 (5)	292		5/6	0/8	0/8		N_methyl,Sigma_reg_N	Pfam	N_methyl,Sigma_reg_N	1	1	1	1	0	1	0	0	0	0	0	0	0	0	0	0	0	0	0	0	0	0
C288:UHM1073.23039_R.bin.125|k141_311317_149	C288			yes	pairwise		EHM034674|EHA02355_bin.24_gene_114_3 (5)	294		5/6	0/8	0/8		T2SSK_1st	Pfam	T2SSK_1st	1	1	1	1	0	1	0	0	0	0	0	0	0	0	0	0	0	0	0	0	0	0
C288:UHM1073.23039_R.bin.125|k141_311317_150	C288			yes	pairwise		EHM034692|EHA02331_bin.15_gene_219_2 (5)	426		5/6	0/8	0/8					1	1	1	1	0	1	0	0	0	0	0	0	0	0	0	0	0	0	0	0	0	0
C288:UHM1073.23039_R.bin.125|k141_311317_151	C288			yes	pairwise		EHM034692|EHA02331_bin.15_gene_219_3 (2)	222		5/6	0/8	0/8		T2SSM_N	Pfam	T2SSM_N	1	1	1	1	0	1	0	0	0	0	0	0	0	0	0	0	0	0	0	0	0	0
C288:UHM1073.23039_R.bin.125|k141_311317_19	C288			yes	pairwise		STP248.12601_R.bin.118|k141_540405_48 (4)	377		5/6	0/8	0/8		Gln-synt_C,Gln-synt_N	Pfam	Gln-synt_C,Gln-synt_N	1	1	1	1	0	1	0	0	0	0	0	0	0	0	0	0	0	0	0	0	0	0
C288:UHM1073.23039_R.bin.125|k141_311317_53	C288			yes	pairwise		UHM1210.23070_R.bin.101|k141_44701_65 (5)	285		5/6	0/8	0/8		SGL,Str_synth,TP_0783,Vgb_lyase	Pfam	SGL,Str_synth,TP_0783,Vgb_lyase	1	1	1	1	1	0	0	0	0	0	0	0	0	0	0	0	0	0	0	0	0	0
C288:UHM1073.23039_R.bin.125|k141_311317_90	C288			yes	pairwise		UHM1210.23070_R.bin.101|k141_102944_12 (5)	213		5/6	0/8	2/8		LacI,TetR_C_2,TetR_N	Pfam	LacI,TetR_C_2,TetR_N	0	1	1	1	1	1	0	0	0	0	0	0	0	0	1	0	0	0	0	0	0	1
C288:UHM1073.23039_R.bin.125|k141_311317_97	C288			yes	pairwise		UHM1210.23070_R.bin.101|k141_1015956_32 (5)	289		5/6	0/8	0/8		DUF6113,Form_Nir_trans	Pfam	DUF6113,Form_Nir_trans	0	1	1	1	1	1	0	0	0	0	0	0	0	0	0	0	0	0	0	0	0	0
C288:UHM1073.23039_R.bin.125|k141_32380_101	C288			yes	pairwise		EHM034720|EHA02359_bin.2_gene_150_11 (4)	94		5/6	0/8	4/8		CCDC192,DUF6687,DUF8520,Exonuc_VII_S,KxDL,NBAS_11th,Rod_CreS,V_ATPase_I	Pfam	CCDC192,DUF6687,DUF8520,Exonuc_VII_S,KxDL,NBAS_11th,Rod_CreS,V_ATPase_I	1	1	1	1	0	1	0	0	0	0	0	0	0	0	0	1	1	0	1	1	0	0
C288:UHM1073.23039_R.bin.125|k141_327978_105	C288			yes	pairwise			73		5/6	0/8	3/8		Putative cytochrome c	ModelOrg_C288	Cytochrome_C7,Mtrc-MtrF_II-IV_dom	1	1	1	1	0	1	0	0	0	0	0	0	0	0	0	1	0	0	1	1	0	0
C288:UHM1073.23039_R.bin.125|k141_327978_110	C288			yes	pairwise		UHM1210.23070_R.bin.101|k141_1014015_36 (5)	234		5/6	0/8	0/8		HAD_2,Hydrolase,Hydrolase_like	Pfam	HAD_2,Hydrolase,Hydrolase_like	1	1	1	1	1	0	0	0	0	0	0	0	0	0	0	0	0	0	0	0	0	0
C288:UHM1073.23039_R.bin.125|k141_327978_140	C288			yes	pairwise		UHM1073.23039_R.bin.125|k141_327978_140 (5)	170		5/6	0/8	6/8					1	1	1	1	0	1	0	0	0	0	0	0	0	0	1	1	0	1	0	1	1	1
C288:UHM1073.23039_R.bin.125|k141_327978_18	C288			yes	pairwise		EHM034720|EHA02359_bin.2_gene_113_10 (4)	301		5/6	0/8	3/8		BBP1_C,DUF6262,GLV_propep,rSAM_modified_put,WDR18_C,ZapB	Pfam	BBP1_C,DUF6262,GLV_propep,rSAM_modified_put,WDR18_C,ZapB	1	1	1	1	1	0	0	0	0	0	0	0	0	0	1	0	0	0	1	1	0	0
C288:UHM1073.23039_R.bin.125|k141_327978_55	C288			yes	pairwise		EHM034674|EHA02355_bin.24_gene_66_8 (5)	116		5/6	0/8	0/8		DUF2344,P-II,Ribosomal_bL9m_C	Pfam	DUF2344,P-II,Ribosomal_bL9m_C	1	1	1	1	0	1	0	0	0	0	0	0	0	0	0	0	0	0	0	0	0	0
C288:UHM1073.23039_R.bin.125|k141_327978_80	C288			yes	pairwise		UHM1210.23070_R.bin.101|k141_1135903_31 (5)	195		5/6	0/8	0/8					1	1	1	1	1	0	0	0	0	0	0	0	0	0	0	0	0	0	0	0	0	0
C288:UHM1073.23039_R.bin.125|k141_333189_18	C288			yes	pairwise		EHM034674|EHA02355_bin.24_gene_23_2 (2)	138		5/6	0/8	2/8		PEGA	Pfam	PEGA	1	1	1	1	0	1	0	0	0	0	0	0	0	0	0	0	0	1	0	0	0	1
C288:UHM1073.23039_R.bin.125|k141_333189_4	C288			yes	pairwise		EHM034674|EHA02355_bin.24_gene_156_7 (7)	464		5/6	0/8	0/8		HEAT_2,SH3_4	Pfam	HEAT_2,SH3_4	1	1	1	1	0	1	0	0	0	0	0	0	0	0	0	0	0	0	0	0	0	0
C288:UHM1073.23039_R.bin.125|k141_334212_8	C288			yes	pairwise		EHM034720|EHA02359_bin.2_gene_190_8 (13)	744		5/6	0/8	0/8		FlbD,Fn3-like,Glyco_hydro_3,Glyco_hydro_3_C	Pfam	FlbD,Fn3-like,Glyco_hydro_3,Glyco_hydro_3_C	1	1	1	1	0	1	0	0	0	0	0	0	0	0	0	0	0	0	0	0	0	0
C288:UHM1073.23039_R.bin.125|k141_405036_12	C288			yes	pairwise		EHM034674|EHA02355_bin.24_gene_92_7 (3)	496		5/6	0/8	2/8					1	1	1	1	0	1	0	0	0	0	0	0	0	0	0	0	1	0	0	0	1	0
C288:UHM1073.23039_R.bin.125|k141_405036_61	C288			yes	pairwise		UHM1073.23039_R.bin.125|k141_405036_61 (2)	170		5/6	0/8	3/8		Acetyltransf_1,Acetyltransf_10,Acetyltransf_7,Acetyltransf_9,DUF1999	Pfam	Acetyltransf_1,Acetyltransf_10,Acetyltransf_7,Acetyltransf_9,DUF1999	1	1	1	1	0	1	0	0	0	0	0	0	0	0	1	0	0	0	0	1	0	1
C288:UHM1073.23039_R.bin.125|k141_42250_27	C288			yes	pairwise		EHM034692|EHA02331_bin.15_gene_55_33 (5)	175		5/6	0/8	8/8		HTH_16,Sel1,Ta0938,TPR_27,TPR_6,VIT	Pfam	HTH_16,Sel1,Ta0938,TPR_27,TPR_6,VIT	1	1	1	1	1	0	0	0	0	0	0	0	0	0	1	1	1	1	1	1	1	1
C288:UHM1073.23039_R.bin.125|k141_475898_46	C288			yes	pairwise		UHM1210.23070_R.bin.101|k141_1318991_57 (3)	236		5/6	0/8	8/8		Sel1,TPR_16,TPR_27	Pfam	Sel1,TPR_16,TPR_27	1	1	1	1	1	0	0	0	0	0	0	0	0	0	1	1	1	1	1	1	1	1
C288:UHM1073.23039_R.bin.125|k141_475898_57	C288			yes	pairwise		EHM034692|EHA02331_bin.15_gene_87_13 (3)	111		5/6	0/8	0/8					1	1	1	1	1	0	0	0	0	0	0	0	0	0	0	0	0	0	0	0	0	0
C288:UHM1073.23039_R.bin.125|k141_490033_142	C288			yes	pairwise		EHM034692|EHA02331_bin.15_gene_229_4 (4)	266		5/6	0/8	8/8		Uncharacterized oxidoreductase YghA	ModelOrg_C288	adh_short,adh_short_C2,DUF1776,KR,SDR	0	1	1	1	1	1	0	0	0	0	0	0	0	0	1	1	1	1	1	1	1	1
C288:UHM1073.23039_R.bin.125|k141_490033_143	C288			yes	pairwise		EHM034692|EHA02331_bin.15_gene_229_5 (5)	281		5/6	0/8	0/8		DUF5621,KduI,VIT	Pfam	DUF5621,KduI,VIT	0	1	1	1	1	1	0	0	0	0	0	0	0	0	0	0	0	0	0	0	0	0
C288:UHM1073.23039_R.bin.125|k141_490033_160	C288			yes	pairwise		EHM034674|EHA02355_bin.24_gene_131_14 (4)	256		5/6	0/8	0/8		7TM_GPCR_Sra,Piezo_TM1-24,SID-1_RNA_chan,Zip	Pfam	7TM_GPCR_Sra,Piezo_TM1-24,SID-1_RNA_chan,Zip	1	1	1	1	0	1	0	0	0	0	0	0	0	0	0	0	0	0	0	0	0	0
C288:UHM1073.23039_R.bin.125|k141_490033_162	C288			yes	pairwise		EHM034692|EHA02331_bin.15_gene_166_2 (5)	475		5/6	0/8	0/8		2-Hacid_dh_C,6PGD,DUF7280,NAD_binding_11,NAD_binding_2	Pfam	2-Hacid_dh_C,6PGD,DUF7280,NAD_binding_11,NAD_binding_2	1	1	1	1	1	0	0	0	0	0	0	0	0	0	0	0	0	0	0	0	0	0
C288:UHM1073.23039_R.bin.125|k141_490033_174	C288			yes	pairwise		EHM034674|EHA02355_bin.24_gene_242_3 (3)	165		5/6	0/8	0/8		Cyclophil_like,Cyclophil_like2	Pfam	Cyclophil_like,Cyclophil_like2	1	1	1	1	0	1	0	0	0	0	0	0	0	0	0	0	0	0	0	0	0	0
C288:UHM1073.23039_R.bin.125|k141_490033_42	C288			yes	pairwise		EHM034692|EHA02331_bin.15_gene_279_2 (3)	299		5/6	0/8	6/8		DUF4815,OMP_b-brl,UCP029691	Pfam	DUF4815,OMP_b-brl,UCP029691	1	1	1	1	0	1	0	0	0	0	0	0	0	0	1	1	0	0	1	1	1	1
C288:UHM1073.23039_R.bin.125|k141_490033_44	C288			yes	pairwise		EHM034692|EHA02331_bin.15_gene_251_2 (5)	519		5/6	0/8	0/8		G6PD_C,G6PD_N	Pfam	G6PD_C,G6PD_N	1	1	1	1	1	0	0	0	0	0	0	0	0	0	0	0	0	0	0	0	0	0
C288:UHM1073.23039_R.bin.125|k141_490033_45	C288			yes	pairwise		EHM034674|EHA02355_bin.24_gene_45_1 (5)	355		5/6	0/8	0/8		OpcA_G6PD_assem,OpcA_G6PD_C	Pfam	OpcA_G6PD_assem,OpcA_G6PD_C	1	1	1	1	1	0	0	0	0	0	0	0	0	0	0	0	0	0	0	0	0	0
C288:UHM1073.23039_R.bin.125|k141_490033_80	C288			yes	pairwise		EHM034720|EHA02359_bin.2_gene_152_8 (5)	670		5/6	0/8	0/8		Endotoxin_C2,HEAT_Nup120,Toprim_3	Pfam	Endotoxin_C2,HEAT_Nup120,Toprim_3	1	1	1	1	0	1	0	0	0	0	0	0	0	0	0	0	0	0	0	0	0	0
C288:UHM1073.23039_R.bin.125|k141_515361_126	C288			yes	pairwise		UHM1210.23070_R.bin.101|k141_35550_9 (2)	150		5/6	0/8	6/8		NUDIX,NUDIX_4,Nudt16-like	Pfam	NUDIX,NUDIX_4,Nudt16-like	1	1	1	1	1	0	0	0	0	0	0	0	0	0	0	1	1	1	1	1	0	1
C288:UHM1073.23039_R.bin.125|k141_515361_128	C288			yes	pairwise		EHM034720|EHA02359_bin.2_gene_122_1 (4)	277		5/6	0/8	0/8		Endonuclease/exonuclease/phosphatase	ModelOrg_C288	Exo_endo_phos,Exo_endo_phos_2,Exo_endo_phos_PGAP2IP	1	1	1	1	0	1	0	0	0	0	0	0	0	0	0	0	0	0	0	0	0	0
C288:UHM1073.23039_R.bin.125|k141_515361_16	C288			yes	pairwise		STP248.12601_R.bin.118|k141_540405_63 (5)	692		5/6	0/8	5/8		OMP_b-brl_3,Plug,TonB_dep_Rec_b-barrel	Pfam	OMP_b-brl_3,Plug,TonB_dep_Rec_b-barrel	1	1	1	1	0	1	0	0	0	0	0	0	0	0	1	0	1	1	1	1	0	0
C288:UHM1073.23039_R.bin.125|k141_515361_25	C288			yes	pairwise		EHM034674|EHA02355_bin.24_gene_58_23 (2)	336		5/6	0/8	0/8		AhpC-TSA,Redoxin,Thioredoxin_2,Thioredoxin_8	Pfam	AhpC-TSA,Redoxin,Thioredoxin_2,Thioredoxin_8	1	1	1	1	1	0	0	0	0	0	0	0	0	0	0	0	0	0	0	0	0	0
C288:UHM1073.23039_R.bin.125|k141_515361_39	C288			yes	pairwise		UHM1210.23070_R.bin.101|k141_983138_33 (5)	180		5/6	0/8	0/8		Cytomega_gL,DUF2017	Pfam	Cytomega_gL,DUF2017	1	1	1	1	1	0	0	0	0	0	0	0	0	0	0	0	0	0	0	0	0	0
C288:UHM1073.23039_R.bin.125|k141_515361_83	C288			yes	pairwise		EHM034692|EHA02331_bin.15_gene_62_26 (5)	376		5/6	0/8	0/8		Arylesterase,Beta-prop_Rol-3,Big_1,NHL,SGL,SSL_N,TrAA12	Pfam	Arylesterase,Beta-prop_Rol-3,Big_1,NHL,SGL,SSL_N,TrAA12	1	1	1	1	0	1	0	0	0	0	0	0	0	0	0	0	0	0	0	0	0	0
C288:UHM1073.23039_R.bin.125|k141_515361_94	C288			yes	pairwise		STP248.12601_R.bin.118|k141_642822_6 (3)	916		5/6	0/8	0/8		ACT,ACT_4,ACT_ACR9_3rd,ACT_ACR_D1,bHLH-TF_ACT-like_plant,GlnD_3rd,GlnD_UR_UTase,GlnE,Myb_DNA-bind_3,Myb_DNA-bind_4,NTP_transf_2	Pfam	ACT,ACT_4,ACT_ACR9_3rd,ACT_ACR_D1,bHLH-TF_ACT-like_plant,GlnD_3rd,GlnD_UR_UTase,GlnE,Myb_DNA-bind_3,Myb_DNA-bind_4,NTP_transf_2	1	1	1	1	0	1	0	0	0	0	0	0	0	0	0	0	0	0	0	0	0	0
C288:UHM1073.23039_R.bin.125|k141_516198_18	C288			yes	pairwise		STP248.12601_R.bin.118|k141_483842_37 (12)	491		5/6	0/8	0/8		ABC_transp_aux,DUF2194,DUF4350,DUF7408,IFT52_GIFT	Pfam	ABC_transp_aux,DUF2194,DUF4350,DUF7408,IFT52_GIFT	0	1	1	1	1	1	0	0	0	0	0	0	0	0	0	0	0	0	0	0	0	0
C288:UHM1073.23039_R.bin.125|k141_516198_36	C288			yes	pairwise		EHM034692|EHA02331_bin.15_gene_179_2 (5)	746		5/6	0/8	0/8		Glycosyl hydrolase family 88	ModelOrg_C288	ACBP,DUF4861,Glyco_hydro_88	0	1	1	1	1	1	0	0	0	0	0	0	0	0	0	0	0	0	0	0	0	0
C288:UHM1073.23039_R.bin.125|k141_516198_57	C288			yes	pairwise		STP248.12601_R.bin.118|k141_417709_118 (5)	139		5/6	0/8	2/8	fluC	Fluoride-specific ion channel FluC	ModelOrg_C288	CRCB,DUF1420	1	1	1	1	0	1	0	0	0	0	0	0	0	0	1	0	0	0	1	0	0	0
C288:UHM1073.23039_R.bin.125|k141_519366_19	C288			yes	pairwise		UHM1210.23070_R.bin.101|k141_35550_100 (5)	194		5/6	0/8	0/8		AhpC-TSA,Redoxin,Thioredoxin_2,Thioredoxin_8	Pfam	AhpC-TSA,Redoxin,Thioredoxin_2,Thioredoxin_8	1	1	1	1	1	0	0	0	0	0	0	0	0	0	0	0	0	0	0	0	0	0
C288:UHM1073.23039_R.bin.125|k141_58351_76	C288			yes	pairwise		UHM1210.23070_R.bin.101|k141_692359_19 (5)	147		5/6	0/8	0/8		Phage_holin_3_6	Pfam	Phage_holin_3_6	1	1	1	1	1	0	0	0	0	0	0	0	0	0	0	0	0	0	0	0	0	0
C288:UHM1073.23039_R.bin.125|k141_594944_41	C288			yes	pairwise			490		5/6	0/8	1/8		Glycosyl transferase, family 31	ModelOrg_C288	DUF6048,Fringe,Galactosyl_T,Methyltransf_11,Methyltransf_12,Methyltransf_23,Methyltransf_25	0	1	1	1	1	1	0	0	0	0	0	0	0	0	0	0	0	1	0	0	0	0
C288:UHM1073.23039_R.bin.125|k141_610428_12	C288			yes	pairwise		EHM034692|EHA02331_bin.15_gene_156_10 (5)	217		5/6	0/8	3/8					1	1	1	1	0	1	0	0	0	0	0	0	0	0	1	1	0	0	1	0	0	0
C294:UHM1210.23070_R.bin.101|k141_1014015_36	C294			yes	pairwise		UHM1210.23070_R.bin.101|k141_1014015_36 (5)	232		5/6	0/8	0/8		Acid_PPase,HAD_2,Hydrolase,Hydrolase_like	Pfam	Acid_PPase,HAD_2,Hydrolase,Hydrolase_like	1	1	1	1	1	0	0	0	0	0	0	0	0	0	0	0	0	0	0	0	0	0
C294:UHM1210.23070_R.bin.101|k141_1015956_23	C294			yes	pairwise		STP248.12601_R.bin.118|k141_771786_39 (6)	274		5/6	0/8	0/8		AHSA1,DUF432	Pfam	AHSA1,DUF432	0	1	1	1	1	1	0	0	0	0	0	0	0	0	0	0	0	0	0	0	0	0
C294:UHM1210.23070_R.bin.101|k141_1015956_32	C294			yes	pairwise		UHM1210.23070_R.bin.101|k141_1015956_32 (5)	282		5/6	0/8	0/8		DUF6113,Form_Nir_trans	Pfam	DUF6113,Form_Nir_trans	0	1	1	1	1	1	0	0	0	0	0	0	0	0	0	0	0	0	0	0	0	0
C294:UHM1210.23070_R.bin.101|k141_102944_1	C294			yes	pairwise		UHM1210.23070_R.bin.101|k141_102944_1 (2)	2912		5/6	0/8	1/8		DUF6998,TPS	Pfam	DUF6998,TPS	0	1	1	1	1	1	0	0	0	0	0	0	0	0	0	0	0	0	0	1	0	0
C294:UHM1210.23070_R.bin.101|k141_102944_12	C294			yes	pairwise		UHM1210.23070_R.bin.101|k141_102944_12 (5)	217		5/6	0/8	2/8		RNA_binding,TetR_C_11,TetR_C_17,TetR_C_2,TetR_N	Pfam	RNA_binding,TetR_C_11,TetR_C_17,TetR_C_2,TetR_N	0	1	1	1	1	1	0	0	0	0	0	0	0	0	1	0	0	0	0	0	0	1
C294:UHM1210.23070_R.bin.101|k141_102944_17	C294			yes	pairwise			561		5/6	0/8	7/8		AAA_22,Aegyptin_C,IPGAL2_N,MG280,Microp_apicomplexa,MMR_HSR1,Roc	Pfam	AAA_22,Aegyptin_C,IPGAL2_N,MG280,Microp_apicomplexa,MMR_HSR1,Roc	0	1	1	1	1	1	0	0	0	0	0	0	0	0	1	1	1	1	1	0	1	1
C294:UHM1210.23070_R.bin.101|k141_1066781_21	C294			yes	pairwise			179		5/6	0/8	7/8		Recombination protein O RecO	ModelOrg_C294	RecO_C,RecO_N	1	1	1	1	1	0	0	0	0	0	0	0	0	0	1	1	1	1	0	1	1	1
C294:UHM1210.23070_R.bin.101|k141_1066781_39	C294			yes	pairwise			180		5/6	0/8	8/8		CcmH,DUF3951,DUF4381,Peptidase_M56,TM_ErbB1	Pfam	CcmH,DUF3951,DUF4381,Peptidase_M56,TM_ErbB1	1	1	1	1	1	0	0	0	0	0	0	0	0	0	1	1	1	1	1	1	1	1
C294:UHM1210.23070_R.bin.101|k141_1135903_31	C294			yes	pairwise		UHM1210.23070_R.bin.101|k141_1135903_31 (5)	193		5/6	0/8	0/8					1	1	1	1	1	0	0	0	0	0	0	0	0	0	0	0	0	0	0	0	0	0
C294:UHM1210.23070_R.bin.101|k141_1193549_13	C294			yes	pairwise		STP248.12601_R.bin.118|k141_520429_36 (4)	322		5/6	0/8	0/8		Asp_protease_2,gag-asp_proteas,PE-PGRS_C,RVP	Pfam	Asp_protease_2,gag-asp_proteas,PE-PGRS_C,RVP	0	1	1	1	1	1	0	0	0	0	0	0	0	0	0	0	0	0	0	0	0	0
C294:UHM1210.23070_R.bin.101|k141_1193549_19	C294			yes	pairwise		EHM034692|EHA02331_bin.15_gene_166_2 (5)	477		5/6	0/8	0/8		2-Hacid_dh_C,3HCDH_N,6PGD,NAD_binding_2,Shikimate_DH	Pfam	2-Hacid_dh_C,3HCDH_N,6PGD,NAD_binding_2,Shikimate_DH	1	1	1	1	1	0	0	0	0	0	0	0	0	0	0	0	0	0	0	0	0	0
C294:UHM1210.23070_R.bin.101|k141_1193549_39	C294			yes	pairwise		EHM034692|EHA02331_bin.15_gene_71_3 (4)	215		5/6	0/8	8/8		Superoxide dismutase	ModelOrg_C294	NDUF_B6,Peptidase_M3,Sod_Fe_C,Sod_Fe_N	1	1	1	1	1	0	0	0	0	0	0	0	0	0	1	1	1	1	1	1	1	1
C294:UHM1210.23070_R.bin.101|k141_1193549_43	C294			yes	pairwise		EHM034720|EHA02359_bin.2_gene_254_20 (5)	99		5/6	0/8	0/8					1	1	1	1	1	0	0	0	0	0	0	0	0	0	0	0	0	0	0	0	0	0
C294:UHM1210.23070_R.bin.101|k141_1275766_89	C294			yes	pairwise		EHM034674|EHA02355_bin.24_gene_45_1 (5)	362		5/6	0/8	0/8		OpcA_G6PD_assem,OpcA_G6PD_C	Pfam	OpcA_G6PD_assem,OpcA_G6PD_C	1	1	1	1	1	0	0	0	0	0	0	0	0	0	0	0	0	0	0	0	0	0
C294:UHM1210.23070_R.bin.101|k141_1275766_90	C294			yes	pairwise		EHM034692|EHA02331_bin.15_gene_251_2 (5)	517		5/6	0/8	0/8		G6PD_C,G6PD_N,Ribonuc_red_2_N	Pfam	G6PD_C,G6PD_N,Ribonuc_red_2_N	1	1	1	1	1	0	0	0	0	0	0	0	0	0	0	0	0	0	0	0	0	0
C294:UHM1210.23070_R.bin.101|k141_1318991_104	C294			yes	pairwise			309		5/6	0/8	5/8		Allatotropin-like_C,Dockerin_1,DUF285,DUF7151,DUF8443,EF-hand_1,EF-hand_5,EF-hand_6,EF-hand_7,EF-hand_FSTL1,HTH_38,SPARC_Ca_bdg,SPM,zf-HC2	Pfam	Allatotropin-like_C,Dockerin_1,DUF285,DUF7151,DUF8443,EF-hand_1,EF-hand_5,EF-hand_6,EF-hand_7,EF-hand_FSTL1,HTH_38,SPARC_Ca_bdg,SPM,zf-HC2	0	1	1	1	1	1	0	0	0	0	0	0	0	0	1	1	0	0	1	1	1	0
C294:UHM1210.23070_R.bin.101|k141_1318991_122	C294			yes	pairwise		UHM1210.23070_R.bin.101|k141_1318991_122 (2)	341		5/6	0/8	6/8		DLH	Pfam	DLH	1	1	1	1	1	0	0	0	0	0	0	0	0	0	1	0	1	1	0	1	1	1
C294:UHM1210.23070_R.bin.101|k141_1318991_57	C294			yes	pairwise		UHM1210.23070_R.bin.101|k141_1318991_57 (3)	223		5/6	0/8	8/8		ANAPC3,Sel1,TPR_27	Pfam	ANAPC3,Sel1,TPR_27	0	1	1	1	1	1	0	0	0	0	0	0	0	0	1	1	1	1	1	1	1	1
C294:UHM1210.23070_R.bin.101|k141_1318991_86	C294			yes	pairwise		EHM034692|EHA02331_bin.15_gene_55_33 (5)	180		5/6	0/8	8/8		DUF6470,HTH_16,Sel1,Ssol_1539-like_2nd,TPR_27,TPR_6,VIT	Pfam	DUF6470,HTH_16,Sel1,Ssol_1539-like_2nd,TPR_27,TPR_6,VIT	1	1	1	1	1	0	0	0	0	0	0	0	0	0	1	1	1	1	1	1	1	1
C294:UHM1210.23070_R.bin.101|k141_1318991_96	C294			yes	pairwise			164		5/6	0/8	6/8		Urease_gamma	Pfam	Urease_gamma	0	1	1	1	1	1	0	0	0	0	0	0	0	0	1	1	1	1	0	0	1	1
C294:UHM1210.23070_R.bin.101|k141_14093_24	C294			yes	pairwise		EHM034692|EHA02331_bin.15_gene_229_4 (4)	266		5/6	0/8	8/8		Short-chain dehydrogenase/reductase SDR	ModelOrg_C294	adh_short,adh_short_C2,DUF1776,KR	0	1	1	1	1	1	0	0	0	0	0	0	0	0	1	1	1	1	1	1	1	1
C294:UHM1210.23070_R.bin.101|k141_14093_25	C294			yes	pairwise		EHM034692|EHA02331_bin.15_gene_229_5 (5)	281		5/6	0/8	0/8		DUF5621,KduI	Pfam	DUF5621,KduI	0	1	1	1	1	1	0	0	0	0	0	0	0	0	0	0	0	0	0	0	0	0
C294:UHM1210.23070_R.bin.101|k141_284463_12	C294			yes	pairwise		STP248.12601_R.bin.118|k141_483842_37 (12)	491		5/6	0/8	0/8		DUF2194,DUF7408,IFT52_GIFT,Myco_haema	Pfam	DUF2194,DUF7408,IFT52_GIFT,Myco_haema	0	1	1	1	1	1	0	0	0	0	0	0	0	0	0	0	0	0	0	0	0	0
C294:UHM1210.23070_R.bin.101|k141_284463_38	C294			yes	pairwise			356		5/6	0/8	6/8		Endonuclease/exonuclease/phosphatase	ModelOrg_C294	DUF3801,Exo_endo_phos,Exo_endo_phos_3	0	1	1	1	1	1	0	0	0	0	0	0	0	0	1	1	1	1	0	0	1	1
C294:UHM1210.23070_R.bin.101|k141_284463_41	C294			yes	pairwise			233		5/6	0/8	4/8		4PPT_N,ADIP,Amo1_N,APG6_N,ArlX,BLOC1_2,CC149,CCDC113_CCDC96_CC,CCDC22_CC,CCDC39,CCDC89,CENP-F_leu_zip,CLZ,COG3_N,COG5_N,CREPT,CT398_CC,DevT_N,DUF16,DUF1664,DUF2203,DUF2730,DUF3450,DUF3502,DUF4200,DUF4446,DUF4472,DUF5798,DUF6468,DUF6779,DUF724,DUF7491,DUF8567,DUF948,EzrA,FapA,Fez1,Fib_alpha,FlaC_arch,GCN5L1,HMMR_N,HmpF,KIF9,KxDL,Lebercilin,Lectin_N,LEKR1,Med4,Mua,NOCA1_mid,NPV_P10,Occludin_ELL,OVT1,Par-4_C,PII1_coiled_coil,Prefoldin_2,Rho_Binding,Rod_CreS,RUFY4,SPC25_N,Spc7,SSNA1,TBCA,TMEM120A-B,TolA_bind_tri,TPR_MLP1_2,U1snRNP70_N,V_ATPase_I,XhlA,YonD_C,Zn_ribbon_9	Pfam	4PPT_N,ADIP,Amo1_N,APG6_N,ArlX,BLOC1_2,CC149,CCDC113_CCDC96_CC,CCDC22_CC,CCDC39,CCDC89,CENP-F_leu_zip,CLZ,COG3_N,COG5_N,CREPT,CT398_CC,DevT_N,DUF16,DUF1664,DUF2203,DUF2730,DUF3450,DUF3502,DUF4200,DUF4446,DUF4472,DUF5798,DUF6468,DUF6779,DUF724,DUF7491,DUF8567,DUF948,EzrA,FapA,Fez1,Fib_alpha,FlaC_arch,GCN5L1,HMMR_N,HmpF,KIF9,KxDL,Lebercilin,Lectin_N,LEKR1,Med4,Mua,NOCA1_mid,NPV_P10,Occludin_ELL,OVT1,Par-4_C,PII1_coiled_coil,Prefoldin_2,Rho_Binding,Rod_CreS,RUFY4,SPC25_N,Spc7,SSNA1,TBCA,TMEM120A-B,TolA_bind_tri,TPR_MLP1_2,U1snRNP70_N,V_ATPase_I,XhlA,YonD_C,Zn_ribbon_9	1	0	1	1	1	1	0	0	0	0	0	0	0	0	1	1	0	0	1	1	0	0
C294:UHM1210.23070_R.bin.101|k141_284463_51	C294			yes	pairwise		EHM034720|EHA02359_bin.2_gene_81_4 (4)	189		5/6	0/8	0/8		Cox20,DUF6768,DZR,DZR_2,NinF,PknG_rubred	Pfam	Cox20,DUF6768,DZR,DZR_2,NinF,PknG_rubred	1	0	1	1	1	1	0	0	0	0	0	0	0	0	0	0	0	0	0	0	0	0
C294:UHM1210.23070_R.bin.101|k141_284463_72	C294			yes	pairwise			140		5/6	0/8	6/8		4HBT,4HBT_2,FlK	Pfam	4HBT,4HBT_2,FlK	1	0	1	1	1	1	0	0	0	0	0	0	0	0	1	1	1	1	1	1	0	0
C294:UHM1210.23070_R.bin.101|k141_35550_100	C294			yes	pairwise		UHM1210.23070_R.bin.101|k141_35550_100 (5)	193		5/6	0/8	0/8		AhpC-TSA,Redoxin,Thioredoxin_2,Thioredoxin_8	Pfam	AhpC-TSA,Redoxin,Thioredoxin_2,Thioredoxin_8	1	1	1	1	1	0	0	0	0	0	0	0	0	0	0	0	0	0	0	0	0	0
C294:UHM1210.23070_R.bin.101|k141_35550_125	C294			yes	pairwise			733		5/6	0/8	4/8		Beta-sol_PIC_HAP1_IgA0_2nd,Peptidase_S6	Pfam	Beta-sol_PIC_HAP1_IgA0_2nd,Peptidase_S6	0	1	1	1	1	1	0	0	0	0	0	0	0	0	0	1	1	0	0	1	0	1
C294:UHM1210.23070_R.bin.101|k141_35550_9	C294			yes	pairwise		UHM1210.23070_R.bin.101|k141_35550_9 (2)	145		5/6	0/8	6/8		Fn3_nematode,NUDIX,NUDIX_4,Nudt16-like	Pfam	Fn3_nematode,NUDIX,NUDIX_4,Nudt16-like	1	1	1	1	1	0	0	0	0	0	0	0	0	0	0	1	1	1	1	1	0	1
C294:UHM1210.23070_R.bin.101|k141_44701_23	C294			yes	pairwise			219		5/6	0/8	7/8					1	1	1	1	1	0	0	0	0	0	0	0	0	0	1	1	1	1	0	1	1	1
C294:UHM1210.23070_R.bin.101|k141_44701_65	C294			yes	pairwise		UHM1210.23070_R.bin.101|k141_44701_65 (5)	280		5/6	0/8	0/8		NHL,PhoX,SGL,Str_synth,Vgb_lyase	Pfam	NHL,PhoX,SGL,Str_synth,Vgb_lyase	1	1	1	1	1	0	0	0	0	0	0	0	0	0	0	0	0	0	0	0	0	0
C294:UHM1210.23070_R.bin.101|k141_609199_27	C294			yes	pairwise			122		5/6	0/8	2/8		Transposase IS3/IS911 family protein	ModelOrg_C294	BLOC1_2,BrkDBD,DUF2161,FTA4,HTH_Tnp_1,YdaS_toxin	0	1	1	1	1	1	0	0	0	0	0	0	0	0	0	0	0	0	1	1	0	0
C294:UHM1210.23070_R.bin.101|k141_692359_11	C294			yes	pairwise			297		5/6	0/8	1/8		Glycosyl transferase, family 31	ModelOrg_C294	Fringe,Galactosyl_T	0	1	1	1	1	1	0	0	0	0	0	0	0	0	0	0	0	1	0	0	0	0
C294:UHM1210.23070_R.bin.101|k141_692359_19	C294			yes	pairwise		UHM1210.23070_R.bin.101|k141_692359_19 (5)	147		5/6	0/8	0/8		8xMP,DUF3290,DUF4731,DUF485,DUF6903,Phage_holin_3_6,Ycf70	Pfam	8xMP,DUF3290,DUF4731,DUF485,DUF6903,Phage_holin_3_6,Ycf70	1	1	1	1	1	0	0	0	0	0	0	0	0	0	0	0	0	0	0	0	0	0
C294:UHM1210.23070_R.bin.101|k141_770993_37	C294			yes	pairwise			263		5/6	0/8	1/8					1	0	1	1	1	1	0	0	0	0	0	0	0	0	0	0	0	0	1	0	0	0
C294:UHM1210.23070_R.bin.101|k141_790691_24	C294			yes	pairwise		EHM034692|EHA02331_bin.15_gene_286_3 (6)	257		5/6	0/8	1/8		DUF1707,DUF3886,DUF6100,F5_F8_type_C,F5_F8_type_C_2,GAP45,HaoB_nitrify,Opalin,Phage_Gp23,PilO_N,POP1_C,Serinc	Pfam	DUF1707,DUF3886,DUF6100,F5_F8_type_C,F5_F8_type_C_2,GAP45,HaoB_nitrify,Opalin,Phage_Gp23,PilO_N,POP1_C,Serinc	1	1	1	1	1	0	0	0	0	0	0	0	0	0	0	0	0	0	0	1	0	0
C294:UHM1210.23070_R.bin.101|k141_968682_2	C294			yes	pairwise			207		5/6	0/8	6/8		NUDIX,Nudix_N,Nudt16-like	Pfam	NUDIX,Nudix_N,Nudt16-like	0	1	1	1	1	1	0	0	0	0	0	0	0	0	0	1	1	1	0	1	1	1
C294:UHM1210.23070_R.bin.101|k141_983138_12	C294			yes	pairwise		EHM034692|EHA02331_bin.15_gene_179_2 (5)	743		5/6	0/8	0/8		Glycosyl hydrolase family 88	ModelOrg_C294	DUF4861,Glyco_hydro_88	0	1	1	1	1	1	0	0	0	0	0	0	0	0	0	0	0	0	0	0	0	0
C294:UHM1210.23070_R.bin.101|k141_983138_33	C294			yes	pairwise		UHM1210.23070_R.bin.101|k141_983138_33 (5)	167		5/6	0/8	0/8		DUF2017	Pfam	DUF2017	1	1	1	1	1	0	0	0	0	0	0	0	0	0	0	0	0	0	0	0	0	0
C294:UHM1210.23070_R.bin.101|k141_983138_36	C294			yes	pairwise		STP248.12601_R.bin.118|k141_588353_61 (5)	297		5/6	0/8	8/8					0	1	1	1	1	1	0	0	0	0	0	0	0	0	1	1	1	1	1	1	1	1
C294:UHM1210.23070_R.bin.101|k141_993103_72	C294			yes	pairwise		EHM034692|EHA02331_bin.15_gene_87_23 (3)	204		5/6	0/8	7/8		Adenine_glyco,DUF2009,Fes1,SLT_L	Pfam	Adenine_glyco,DUF2009,Fes1,SLT_L	0	1	1	1	1	1	0	0	0	0	0	0	0	0	1	0	1	1	1	1	1	1
